ID,ID Użytownika,ID Książki,Ocena,Opinia,Timestamp,user_id,Rate 1-10,Id +420
1,user1,176,2, ,2016-09-12 14:22:00,1,4,596
2,user1,168,2, ,2017-01-13 14:21:36,1,4,588
3,user1,401,1,Najgorsza książka w historii najgorszych książek.,2017-03-20 10:43:23,1,2,821
4,user1,97,3, ,2017-12-24 06:56:06,1,6,517
5,user1,49,3,Autor powinien zmienić zawód.,2017-12-19 22:33:34,1,6,469
6,user1,402,5,Wyborna książka.,2017-02-06 00:00:14,1,10,822
7,user1,166,5,Wyborna książka.,2017-10-17 06:41:58,1,10,586
8,user1,418,4, ,2018-03-07 00:28:04,1,8,838
9,user1,16,4, ,2017-07-04 01:36:16,1,8,436
10,user1,347,3, ,2017-11-06 11:26:58,1,6,767
11,user2,215,1,Dobra jako rozpałka do grilla.,2018-01-31 23:29:38,2,2,635
12,user2,269,3, ,2017-07-29 15:05:14,2,6,689
13,user2,105,3,Autor powinien zmienić zawód.,2015-12-02 18:35:01,2,6,525
14,user2,31,2,Czy ta książka coś parodiuje?,2015-04-08 06:35:37,2,4,451
15,user2,260,4,Dałbym 5 gdyby główny bohater nie był idiotą.,2016-11-19 23:32:25,2,8,680
16,user2,32,3, ,2016-02-23 21:58:01,2,6,452
17,user2,343,3,Autor powinien zmienić zawód.,2015-11-28 00:15:43,2,6,763
18,user2,37,4, ,2015-01-25 03:54:54,2,8,457
19,user2,389,4,Zawiodłem się, zapowiadało się lepiej.,2,8,809
20,user2,342,2, ,2017-05-06 17:34:17,2,4,762
21,user3,293,2,Czy ta książka coś parodiuje?,2016-08-02 04:25:40,3,4,713
22,user3,394,4, ,2018-01-28 10:49:01,3,8,814
23,user3,310,5, ,2017-11-08 14:30:29,3,10,730
24,user3,97,2,Ta książka jest lepsza niż leki nasenne.,2016-10-03 02:22:10,3,4,517
25,user3,309,3, ,2016-12-04 13:05:27,3,6,729
26,user3,399,4, ,2016-10-21 09:02:42,3,8,819
27,user3,347,2,Czy ta książka coś parodiuje?,2016-12-24 09:11:38,3,4,767
28,user3,15,5,Rad jestem żem to przeczytał.,2017-04-25 03:08:20,3,10,435
29,user3,17,2,Czy ta książka coś parodiuje?,2017-08-19 06:24:40,3,4,437
30,user3,344,1,Najgorsza książka w historii najgorszych książek.,2018-02-15 23:41:51,3,2,764
31,user4,222,1, ,2017-09-24 22:27:51,4,2,642
32,user4,223,1,Najgorsza książka w historii najgorszych książek.,2018-04-07 01:15:15,4,2,643
33,user4,18,4, ,2017-04-12 13:18:28,4,8,438
34,user4,31,1, ,2017-08-07 14:53:37,4,2,451
35,user4,161,3,Autor powinien zmienić zawód.,2017-12-04 22:08:08,4,6,581
36,user4,275,4, ,2018-01-01 17:35:57,4,8,695
37,user4,340,3,Nie zrozumiałem zakończenia, ale poza tym może być.,4,6,760
38,user4,389,2,Czy ta książka coś parodiuje?,2017-06-08 01:00:04,4,4,809
39,user4,10,3, ,2017-12-23 14:05:52,4,6,430
40,user4,343,4,Dałbym 5 gdyby główny bohater nie był idiotą.,2017-06-24 14:33:22,4,8,763
41,user5,310,4,Zawiodłem się, zapowiadało się lepiej.,5,8,730
42,user5,221,1,Dobra jako rozpałka do grilla.,2018-01-15 19:11:43,5,2,641
43,user5,259,3, ,2018-01-14 08:19:55,5,6,679
44,user5,285,1, ,2017-10-10 14:30:52,5,2,705
45,user5,212,3,Autor powinien zmienić zawód.,2017-09-16 07:21:39,5,6,632
46,user5,212,1, ,2017-09-27 11:02:45,5,2,632
47,user5,8,5, ,2017-09-26 23:45:16,5,10,428
48,user5,345,5, ,2018-03-10 10:25:03,5,10,765
49,user5,346,3, ,2018-03-21 02:30:06,5,6,766
50,user5,345,1,Najgorsza książka w historii najgorszych książek.,2017-09-15 17:08:16,5,2,765
51,user6,277,4, ,2018-03-04 19:39:49,6,8,697
52,user6,310,2,Czy ta książka coś parodiuje?,2017-06-18 06:31:05,6,4,730
53,user6,168,5,Rad jestem żem to przeczytał.,2017-02-25 06:50:42,6,10,588
54,user6,378,4, ,2016-05-03 10:43:53,6,8,798
55,user6,31,5,Rad jestem żem to przeczytał.,2016-06-25 17:17:58,6,10,451
56,user6,285,1,Dobra jako rozpałka do grilla.,2018-01-11 09:16:24,6,2,705
57,user6,347,1,Najgorsza książka w historii najgorszych książek.,2017-11-07 23:24:34,6,2,767
58,user6,346,1, ,2017-07-10 08:31:17,6,2,766
59,user6,83,5,Wyborna książka.,2017-11-27 20:45:45,6,10,503
60,user6,342,2, ,2016-11-26 12:57:58,6,4,762
61,user7,324,4,Dałbym 5 gdyby główny bohater nie był idiotą.,2017-08-05 11:00:12,7,8,744
62,user7,221,2, ,2016-06-29 22:10:54,7,4,641
63,user7,305,5, ,2016-12-31 20:29:43,7,10,725
64,user7,275,5, ,2016-09-03 12:48:16,7,10,695
65,user7,187,1,Dobra jako rozpałka do grilla.,2016-05-23 03:22:21,7,2,607
66,user7,99,3, ,2018-01-09 02:05:31,7,6,519
67,user7,8,2, ,2017-02-06 11:05:56,7,4,428
68,user7,10,1, ,2018-04-05 06:35:43,7,2,430
69,user7,348,1,Najgorsza książka w historii najgorszych książek.,2017-02-03 03:17:41,7,2,768
70,user7,10,1,Najgorsza książka w historii najgorszych książek.,2016-11-02 18:50:38,7,2,430
71,user8,30,1, ,2014-08-15 18:37:53,8,2,450
72,user8,258,1, ,2017-07-04 22:48:48,8,2,678
73,user8,168,2,Ta książka jest lepsza niż leki nasenne.,2014-04-26 03:46:13,8,4,588
74,user8,257,2,Ta książka jest lepsza niż leki nasenne.,2016-06-29 16:25:02,8,4,677
75,user8,209,2,Ta książka jest lepsza niż leki nasenne.,2018-03-20 01:44:32,8,4,629
76,user8,50,3,Nie zrozumiałem zakończenia, ale poza tym może być.,8,6,470
77,user8,418,1, ,2015-09-03 08:22:53,8,2,838
78,user8,15,5, ,2017-04-22 10:10:25,8,10,435
79,user8,338,3, ,2016-07-04 06:44:25,8,6,758
80,user8,37,5, ,2017-03-27 03:17:05,8,10,457
81,user9,211,5, ,2017-09-02 19:03:10,9,10,631
82,user9,352,4, ,2017-06-19 15:56:01,9,8,772
83,user9,218,4,Zawiodłem się, zapowiadało się lepiej.,9,8,638
84,user9,327,5,Rad jestem żem to przeczytał.,2017-08-08 16:38:07,9,10,747
85,user9,49,5,Rad jestem żem to przeczytał.,2016-10-29 06:15:10,9,10,469
86,user9,294,2, ,2016-09-15 06:39:15,9,4,714
87,user9,388,5,Rad jestem żem to przeczytał.,2017-07-27 08:32:18,9,10,808
88,user9,346,2, ,2017-01-09 07:35:04,9,4,766
89,user9,419,5,Rad jestem żem to przeczytał.,2017-01-01 21:41:48,9,10,839
90,user9,341,2, ,2018-02-27 20:17:18,9,4,761
91,user10,58,3, ,2015-12-04 00:24:55,10,6,478
92,user10,162,3,Nie zrozumiałem zakończenia, ale poza tym może być.,10,6,582
93,user10,259,5, ,2016-06-13 20:06:23,10,10,679
94,user10,32,3,Nie zrozumiałem zakończenia, ale poza tym może być.,10,6,452
95,user10,100,4, ,2015-10-30 21:14:31,10,8,520
96,user10,276,3,Autor powinien zmienić zawód.,2016-12-13 10:14:00,10,6,696
97,user10,338,1, ,2016-05-24 18:41:10,10,2,758
98,user10,342,5, ,2017-02-11 07:33:03,10,10,762
99,user10,418,3, ,2015-08-26 14:44:01,10,6,838
100,user10,346,1, ,2016-12-23 08:53:11,10,2,766
101,user11,259,2,Czy ta książka coś parodiuje?,2017-07-18 02:55:05,11,4,679
102,user11,177,1,Dobra jako rozpałka do grilla.,2017-10-14 21:55:19,11,2,597
103,user11,409,1,Najgorsza książka w historii najgorszych książek.,2017-08-01 05:26:05,11,2,829
104,user11,97,4, ,2017-11-26 06:56:40,11,8,517
105,user11,286,5,Rad jestem żem to przeczytał.,2018-02-26 05:30:15,11,10,706
106,user11,275,4,Zawiodłem się, zapowiadało się lepiej.,11,8,695
107,user11,166,1,Najgorsza książka w historii najgorszych książek.,2017-12-06 23:16:56,11,2,586
108,user11,347,4,Zawiodłem się, zapowiadało się lepiej.,11,8,767
109,user11,37,2, ,2017-12-23 00:33:25,11,4,457
110,user11,10,1,Najgorsza książka w historii najgorszych książek.,2017-06-30 15:35:21,11,2,430
111,user12,304,2,Ta książka jest lepsza niż leki nasenne.,2017-07-10 14:34:27,12,4,724
112,user12,188,2,Ta książka jest lepsza niż leki nasenne.,2017-08-14 18:55:22,12,4,608
113,user12,414,1, ,2017-11-24 14:47:53,12,2,834
114,user12,294,4, ,2017-03-17 11:02:14,12,8,714
115,user12,31,4,Dałbym 5 gdyby główny bohater nie był idiotą.,2016-02-01 04:28:22,12,8,451
116,user12,48,2, ,2017-06-20 11:59:03,12,4,468
117,user12,341,4, ,2017-10-01 02:19:52,12,8,761
118,user12,343,2,Ta książka jest lepsza niż leki nasenne.,2014-12-30 23:26:03,12,4,763
119,user12,16,3,Autor powinien zmienić zawód.,2017-03-18 12:39:50,12,6,436
120,user12,83,1,Najgorsza książka w historii najgorszych książek.,2016-12-10 14:07:26,12,2,503
121,user13,214,4,Zawiodłem się, zapowiadało się lepiej.,13,8,634
122,user13,177,5,Wyborna książka.,2016-12-07 00:17:47,13,10,597
123,user13,326,5,Rad jestem żem to przeczytał.,2017-04-05 20:35:32,13,10,746
124,user13,97,1,Najgorsza książka w historii najgorszych książek.,2016-05-09 00:17:37,13,2,517
125,user13,309,3,Nie zrozumiałem zakończenia, ale poza tym może być.,13,6,729
126,user13,327,1, ,2015-08-27 05:00:58,13,2,747
127,user13,342,3,Autor powinien zmienić zawód.,2016-11-14 09:15:17,13,6,762
128,user13,10,3,Autor powinien zmienić zawód.,2017-11-19 13:01:22,13,6,430
129,user13,8,1,Dobra jako rozpałka do grilla.,2016-05-13 12:55:03,13,2,428
130,user13,342,5, ,2014-10-04 08:19:05,13,10,762
131,user14,223,1, ,2017-02-14 15:43:46,14,2,643
132,user14,293,1, ,2017-04-12 07:35:31,14,2,713
133,user14,277,1, ,2017-03-31 14:52:57,14,2,697
134,user14,306,1, ,2017-03-31 15:51:16,14,2,726
135,user14,400,5,Rad jestem żem to przeczytał.,2017-10-29 01:26:00,14,10,820
136,user14,161,2,Czy ta książka coś parodiuje?,2017-10-25 00:58:57,14,4,581
137,user14,388,5, ,2017-08-05 19:45:43,14,10,808
138,user14,341,1, ,2018-03-27 04:49:14,14,2,761
139,user14,10,4,Dałbym 5 gdyby główny bohater nie był idiotą.,2017-09-12 11:40:25,14,8,430
140,user14,388,4,Dałbym 5 gdyby główny bohater nie był idiotą.,2017-07-10 22:54:32,14,8,808
141,user15,221,5, ,2016-09-26 22:20:55,15,10,641
142,user15,211,2, ,2017-04-08 18:35:54,15,4,631
143,user15,218,2,Ta książka jest lepsza niż leki nasenne.,2017-06-20 11:40:22,15,4,638
144,user15,31,2,Czy ta książka coś parodiuje?,2016-08-25 05:14:50,15,4,451
145,user15,309,4,Dałbym 5 gdyby główny bohater nie był idiotą.,2017-12-09 06:21:50,15,8,729
146,user15,327,5,Rad jestem żem to przeczytał.,2017-07-06 22:17:59,15,10,747
147,user15,418,1,Najgorsza książka w historii najgorszych książek.,2018-03-04 07:49:28,15,2,838
148,user15,15,2, ,2016-10-28 04:44:24,15,4,435
149,user15,16,2, ,2017-07-13 18:22:49,15,4,436
150,user15,347,3, ,2018-02-09 15:40:06,15,6,767
151,user16,91,1, ,2016-10-24 18:27:43,16,2,511
152,user16,216,4,Dałbym 5 gdyby główny bohater nie był idiotą.,2017-08-22 09:04:28,16,8,636
153,user16,167,2,Czy ta książka coś parodiuje?,2015-08-27 00:26:22,16,4,587
154,user16,50,4, ,2016-07-22 14:25:23,16,8,470
155,user16,284,1,Dobra jako rozpałka do grilla.,2018-01-21 17:55:56,16,2,704
156,user16,286,5, ,2016-07-24 12:07:43,16,10,706
157,user16,339,2, ,2017-12-28 12:13:36,16,4,759
158,user16,348,2, ,2016-05-17 19:39:36,16,4,768
159,user16,348,1, ,2015-11-10 19:10:03,16,2,768
160,user16,345,4, ,2016-12-23 06:58:48,16,8,765
161,user17,223,5, ,2016-05-25 09:16:11,17,10,643
162,user17,312,5, ,2017-11-12 20:54:17,17,10,732
163,user17,188,1,Najgorsza książka w historii najgorszych książek.,2017-08-23 05:39:58,17,2,608
164,user17,286,1,Dobra jako rozpałka do grilla.,2016-04-06 15:23:50,17,2,706
165,user17,32,2,Ta książka jest lepsza niż leki nasenne.,2016-06-18 18:43:24,17,4,452
166,user17,97,1, ,2016-04-20 08:33:47,17,2,517
167,user17,8,1,Dobra jako rozpałka do grilla.,2016-05-03 12:53:35,17,2,428
168,user17,347,5,Rad jestem żem to przeczytał.,2018-01-08 06:57:00,17,10,767
169,user17,347,5, ,2016-11-25 15:24:52,17,10,767
170,user17,342,4,Dałbym 5 gdyby główny bohater nie był idiotą.,2016-12-24 09:34:05,17,8,762
171,user18,305,5,Rad jestem żem to przeczytał.,2014-06-13 13:01:01,18,10,725
172,user18,224,5,Rad jestem żem to przeczytał.,2015-08-17 18:05:36,18,10,644
173,user18,310,3,Nie zrozumiałem zakończenia, ale poza tym może być.,18,6,730
174,user18,379,3, ,2016-04-07 18:33:49,18,6,799
175,user18,212,2,Ta książka jest lepsza niż leki nasenne.,2016-09-18 11:22:00,18,4,632
176,user18,31,3, ,2017-06-12 12:41:55,18,6,451
177,user18,16,3,Autor powinien zmienić zawód.,2014-07-02 12:11:36,18,6,436
178,user18,166,5, ,2017-01-04 08:20:13,18,10,586
179,user18,345,4, ,2015-08-17 20:46:53,18,8,765
180,user18,342,2,Ta książka jest lepsza niż leki nasenne.,2015-11-05 08:48:13,18,4,762
181,user19,326,5, ,2015-10-05 13:50:47,19,10,746
182,user19,401,3, ,2017-05-04 23:21:37,19,6,821
183,user19,349,1,Dobra jako rozpałka do grilla.,2016-06-04 22:57:45,19,2,769
184,user19,212,3,Autor powinien zmienić zawód.,2015-03-27 23:57:12,19,6,632
185,user19,402,1,Dobra jako rozpałka do grilla.,2016-01-23 18:18:38,19,2,822
186,user19,306,2, ,2016-10-25 07:25:20,19,4,726
187,user19,166,5, ,2017-01-25 01:06:59,19,10,586
188,user19,419,3,Nie zrozumiałem zakończenia, ale poza tym może być.,19,6,839
189,user19,347,5, ,2017-10-22 05:48:32,19,10,767
190,user19,37,4, ,2017-09-18 20:06:12,19,8,457
191,user20,224,2,Ta książka jest lepsza niż leki nasenne.,2018-03-30 06:11:56,20,4,644
192,user20,304,2,Czy ta książka coś parodiuje?,2017-04-24 08:44:28,20,4,724
193,user20,90,5, ,2017-02-08 06:02:52,20,10,510
194,user20,402,3,Autor powinien zmienić zawód.,2018-04-03 19:37:06,20,6,822
195,user20,275,3, ,2016-12-17 04:43:14,20,6,695
196,user20,31,5,Rad jestem żem to przeczytał.,2017-06-28 02:23:48,20,10,451
197,user20,347,1, ,2017-05-31 02:34:05,20,2,767
198,user20,341,1, ,2017-06-19 22:39:09,20,2,761
199,user20,166,4, ,2017-06-08 16:55:00,20,8,586
200,user20,344,1,Najgorsza książka w historii najgorszych książek.,2017-09-04 08:10:04,20,2,764
201,user21,353,3,Autor powinien zmienić zawód.,2016-08-16 21:27:51,21,6,773
202,user21,333,5, ,2015-12-04 13:52:35,21,10,753
203,user21,224,3, ,2014-08-19 14:30:14,21,6,644
204,user21,257,4,Zawiodłem się, zapowiadało się lepiej.,21,8,677
205,user21,399,4, ,2014-07-12 09:39:33,21,8,819
206,user21,50,4,Zawiodłem się, zapowiadało się lepiej.,21,8,470
207,user21,8,4,Zawiodłem się, zapowiadało się lepiej.,21,8,428
208,user21,388,2, ,2017-07-31 01:56:43,21,4,808
209,user21,341,3,Nie zrozumiałem zakończenia, ale poza tym może być.,21,6,761
210,user21,83,1,Dobra jako rozpałka do grilla.,2016-02-19 22:09:12,21,2,503
211,user22,90,4,Dałbym 5 gdyby główny bohater nie był idiotą.,2014-09-15 09:53:25,22,8,510
212,user22,277,3, ,2016-07-15 11:15:26,22,6,697
213,user22,1,5, ,2015-11-29 11:38:20,22,10,421
214,user22,49,4, ,2015-12-24 21:29:04,22,8,469
215,user22,50,3, ,2017-02-15 00:25:06,22,6,470
216,user22,284,1,Najgorsza książka w historii najgorszych książek.,2018-03-22 20:33:38,22,2,704
217,user22,166,1,Najgorsza książka w historii najgorszych książek.,2016-06-17 00:55:54,22,2,586
218,user22,8,2, ,2014-07-16 03:53:15,22,4,428
219,user22,418,5, ,2016-03-04 00:50:59,22,10,838
220,user22,166,2, ,2015-04-12 15:11:53,22,4,586
221,user23,1,2,Czy ta książka coś parodiuje?,2016-06-01 18:41:29,23,4,421
222,user23,214,3, ,2016-06-24 01:30:24,23,6,634
223,user23,58,4, ,2016-10-13 17:37:10,23,8,478
224,user23,309,4,Zawiodłem się, zapowiadało się lepiej.,23,8,729
225,user23,286,4, ,2017-08-21 23:48:22,23,8,706
226,user23,32,2, ,2016-11-19 19:48:58,23,4,452
227,user23,419,2,Ta książka jest lepsza niż leki nasenne.,2016-03-21 04:47:26,23,4,839
228,user23,345,2,Czy ta książka coś parodiuje?,2017-02-12 09:54:07,23,4,765
229,user23,343,4,Zawiodłem się, zapowiadało się lepiej.,23,8,763
230,user23,389,1,Dobra jako rozpałka do grilla.,2016-07-24 13:25:15,23,2,809
231,user24,310,2, ,2018-02-22 06:20:43,24,4,730
232,user24,325,1,Najgorsza książka w historii najgorszych książek.,2015-05-16 01:12:29,24,2,745
233,user24,310,3,Autor powinien zmienić zawód.,2017-08-13 21:58:11,24,6,730
234,user24,276,4, ,2018-03-11 01:05:21,24,8,696
235,user24,187,3,Autor powinien zmienić zawód.,2017-01-16 06:39:05,24,6,607
236,user24,257,5, ,2017-06-18 01:04:02,24,10,677
237,user24,340,1, ,2015-11-23 17:37:01,24,2,760
238,user24,348,2,Ta książka jest lepsza niż leki nasenne.,2018-02-20 03:39:54,24,4,768
239,user24,389,3,Nie zrozumiałem zakończenia, ale poza tym może być.,24,6,809
240,user24,346,1,Najgorsza książka w historii najgorszych książek.,2015-02-09 22:45:11,24,2,766
241,user25,58,1, ,2016-08-23 02:45:26,25,2,478
242,user25,415,5, ,2018-02-22 12:14:37,25,10,835
243,user25,213,3,Autor powinien zmienić zawód.,2017-04-02 13:40:58,25,6,633
244,user25,209,1, ,2017-04-24 01:43:01,25,2,629
245,user25,285,1, ,2017-10-18 20:27:26,25,2,705
246,user25,284,2,Ta książka jest lepsza niż leki nasenne.,2016-02-24 05:05:07,25,4,704
247,user25,342,5, ,2016-03-29 06:57:29,25,10,762
248,user25,17,2,Czy ta książka coś parodiuje?,2017-09-26 23:59:58,25,4,437
249,user25,346,2,Ta książka jest lepsza niż leki nasenne.,2017-11-09 05:15:37,25,4,766
250,user25,346,5, ,2017-11-20 21:44:20,25,10,766
251,user26,221,4, ,2017-04-03 17:03:41,26,8,641
252,user26,333,4, ,2017-08-17 11:27:49,26,8,753
253,user26,259,4,Dałbym 5 gdyby główny bohater nie był idiotą.,2017-09-02 12:26:31,26,8,679
254,user26,351,2,Ta książka jest lepsza niż leki nasenne.,2016-12-02 05:25:35,26,4,771
255,user26,379,2,Czy ta książka coś parodiuje?,2015-10-05 09:38:52,26,4,799
256,user26,260,5, ,2016-05-23 20:41:52,26,10,680
257,user26,343,1, ,2016-12-23 07:26:38,26,2,763
258,user26,166,2, ,2016-12-08 03:05:00,26,4,586
259,user26,419,4,Dałbym 5 gdyby główny bohater nie był idiotą.,2016-11-05 23:11:13,26,8,839
260,user26,8,4, ,2015-12-02 02:48:04,26,8,428
261,user27,401,5, ,2017-08-20 19:10:16,27,10,821
262,user27,364,2, ,2015-12-28 00:02:51,27,4,784
263,user27,255,5,Rad jestem żem to przeczytał.,2016-09-13 10:10:05,27,10,675
264,user27,31,4,Dałbym 5 gdyby główny bohater nie był idiotą.,2017-06-16 01:05:01,27,8,451
265,user27,276,3, ,2017-11-04 02:14:14,27,6,696
266,user27,97,2,Czy ta książka coś parodiuje?,2016-09-15 15:34:27,27,4,517
267,user27,37,2, ,2015-08-29 03:03:17,27,4,457
268,user27,338,5,Rad jestem żem to przeczytał.,2017-11-08 14:51:38,27,10,758
269,user27,345,2, ,2016-04-29 12:22:33,27,4,765
270,user27,343,1,Dobra jako rozpałka do grilla.,2016-03-12 13:56:31,27,2,763
271,user28,333,3,Autor powinien zmienić zawód.,2018-03-27 11:15:41,28,6,753
272,user28,213,1, ,2018-03-12 17:24:06,28,2,633
273,user28,259,1, ,2018-03-15 15:27:57,28,2,679
274,user28,306,2, ,2018-02-15 18:22:41,28,4,726
275,user28,306,1, ,2018-04-03 04:26:56,28,2,726
276,user28,286,1,Dobra jako rozpałka do grilla.,2018-02-23 17:29:58,28,2,706
277,user28,8,2,Czy ta książka coś parodiuje?,2018-02-19 07:38:15,28,4,428
278,user28,339,3, ,2018-02-15 20:51:56,28,6,759
279,user28,344,2,Ta książka jest lepsza niż leki nasenne.,2018-03-29 04:29:28,28,4,764
280,user28,418,2,Ta książka jest lepsza niż leki nasenne.,2018-03-03 01:06:36,28,4,838
281,user29,312,1, ,2017-08-15 14:37:41,29,2,732
282,user29,255,2, ,2017-12-02 08:03:14,29,4,675
283,user29,91,1, ,2016-11-29 19:22:56,29,2,511
284,user29,309,2,Czy ta książka coś parodiuje?,2017-04-26 21:22:50,29,4,729
285,user29,399,2,Ta książka jest lepsza niż leki nasenne.,2016-10-02 20:15:05,29,4,819
286,user29,99,3,Nie zrozumiałem zakończenia, ale poza tym może być.,29,6,519
287,user29,15,1, ,2018-02-11 16:43:29,29,2,435
288,user29,345,2,Ta książka jest lepsza niż leki nasenne.,2017-06-07 20:24:50,29,4,765
289,user29,347,3,Nie zrozumiałem zakończenia, ale poza tym może być.,29,6,767
290,user29,17,1, ,2017-07-05 10:38:22,29,2,437
291,user30,18,4, ,2017-12-09 11:38:01,30,8,438
292,user30,305,4,Dałbym 5 gdyby główny bohater nie był idiotą.,2016-03-26 14:34:40,30,8,725
293,user30,350,2, ,2017-09-09 12:40:39,30,4,770
294,user30,294,2,Ta książka jest lepsza niż leki nasenne.,2017-03-29 23:33:39,30,4,714
295,user30,276,4,Dałbym 5 gdyby główny bohater nie był idiotą.,2017-01-28 11:57:00,30,8,696
296,user30,32,1, ,2017-12-10 17:36:05,30,2,452
297,user30,37,3,Autor powinien zmienić zawód.,2016-12-16 03:30:07,30,6,457
298,user30,388,1,Najgorsza książka w historii najgorszych książek.,2016-04-12 09:57:40,30,2,808
299,user30,348,4, ,2016-11-09 04:33:34,30,8,768
300,user30,348,1, ,2017-01-11 08:49:19,30,2,768
301,user31,51,3,Nie zrozumiałem zakończenia, ale poza tym może być.,31,6,471
302,user31,384,2,Ta książka jest lepsza niż leki nasenne.,2017-02-18 10:20:30,31,4,804
303,user31,51,1, ,2017-08-15 09:40:26,31,2,471
304,user31,102,5, ,2017-12-10 05:26:50,31,10,522
305,user31,256,2, ,2016-11-22 10:39:30,31,4,676
306,user31,396,2, ,2017-01-19 17:29:00,31,4,816
307,user31,118,1, ,2017-05-05 22:00:16,31,2,538
308,user31,186,2, ,2017-04-09 20:18:45,31,4,606
309,user31,163,2,Czy ta książka coś parodiuje?,2016-09-15 00:13:14,31,4,583
310,user31,81,3, ,2016-12-19 13:01:04,31,6,501
311,user32,178,2, ,2017-02-24 07:28:05,32,4,598
312,user32,261,2, ,2018-03-12 17:58:39,32,4,681
313,user32,51,5, ,2016-02-20 03:59:00,32,10,471
314,user32,139,1,Dobra jako rozpałka do grilla.,2015-07-28 10:58:07,32,2,559
315,user32,133,4, ,2016-01-07 04:57:24,32,8,553
316,user32,395,5,Rad jestem żem to przeczytał.,2018-03-25 10:52:53,32,10,815
317,user32,120,1, ,2016-04-10 20:08:55,32,2,540
318,user32,406,2, ,2015-10-18 09:36:43,32,4,826
319,user32,186,4, ,2017-12-04 20:41:11,32,8,606
320,user32,408,5, ,2017-12-10 12:19:45,32,10,828
321,user33,182,2,Czy ta książka coś parodiuje?,2017-12-04 00:14:02,33,4,602
322,user33,181,3, ,2018-03-04 09:35:39,33,6,601
323,user33,263,1, ,2017-07-07 08:13:39,33,2,683
324,user33,124,3, ,2018-01-14 01:49:14,33,6,544
325,user33,398,2,Czy ta książka coś parodiuje?,2018-03-21 20:11:31,33,4,818
326,user33,106,2,Czy ta książka coś parodiuje?,2018-04-06 18:23:52,33,4,526
327,user33,395,3,Nie zrozumiałem zakończenia, ale poza tym może być.,33,6,815
328,user33,165,4, ,2017-09-09 06:34:48,33,8,585
329,user33,163,5, ,2017-09-23 20:02:17,33,10,583
330,user33,336,3,Autor powinien zmienić zawód.,2017-12-03 03:11:22,33,6,756
331,user34,263,2,Ta książka jest lepsza niż leki nasenne.,2017-10-26 03:05:48,34,4,683
332,user34,384,2,Ta książka jest lepsza niż leki nasenne.,2018-03-03 19:12:32,34,4,804
333,user34,51,3,Nie zrozumiałem zakończenia, ale poza tym może być.,34,6,471
334,user34,303,2, ,2018-02-20 11:10:16,34,4,723
335,user34,125,3, ,2018-03-02 15:04:19,34,6,545
336,user34,108,1, ,2018-01-04 02:00:52,34,2,528
337,user34,86,1,Dobra jako rozpałka do grilla.,2017-11-25 13:55:20,34,2,506
338,user34,404,3, ,2017-12-21 20:33:29,34,6,824
339,user34,165,5, ,2017-09-23 11:51:59,34,10,585
340,user34,385,3,Autor powinien zmienić zawód.,2018-04-06 13:25:59,34,6,805
341,user35,263,3, ,2016-12-24 08:47:23,35,6,683
342,user35,262,1, ,2017-09-16 05:25:17,35,2,682
343,user35,330,4, ,2017-11-12 17:04:08,35,8,750
344,user35,295,3,Autor powinien zmienić zawód.,2016-04-14 14:03:46,35,6,715
345,user35,410,4, ,2017-04-03 15:52:15,35,8,830
346,user35,133,5,Rad jestem żem to przeczytał.,2016-06-03 07:40:19,35,10,553
347,user35,411,5,Rad jestem żem to przeczytał.,2015-12-31 22:30:05,35,10,831
348,user35,335,1, ,2015-01-19 17:01:01,35,2,755
349,user35,163,4,Zawiodłem się, zapowiadało się lepiej.,35,8,583
350,user35,163,1,Najgorsza książka w historii najgorszych książek.,2016-11-28 16:17:55,35,2,583
351,user36,331,4, ,2017-01-20 00:26:20,36,8,751
352,user36,262,3, ,2016-12-18 12:30:50,36,6,682
353,user36,180,4,Zawiodłem się, zapowiadało się lepiej.,36,8,600
354,user36,291,5,Wyborna książka.,2017-10-21 00:03:46,36,10,711
355,user36,54,5, ,2015-11-29 10:01:20,36,10,474
356,user36,6,2, ,2017-11-26 03:27:43,36,4,426
357,user36,14,4,Zawiodłem się, zapowiadało się lepiej.,36,8,434
358,user36,386,4, ,2015-04-09 18:33:46,36,8,806
359,user36,186,2, ,2017-05-19 17:12:22,36,4,606
360,user36,145,3,Nie zrozumiałem zakończenia, ale poza tym może być.,36,6,565
361,user37,178,3, ,2018-03-23 07:07:17,37,6,598
362,user37,178,2,Czy ta książka coś parodiuje?,2017-12-21 22:21:30,37,4,598
363,user37,180,2,Ta książka jest lepsza niż leki nasenne.,2018-03-22 16:28:45,37,4,600
364,user37,6,1,Dobra jako rozpałka do grilla.,2018-03-15 04:26:58,37,2,426
365,user37,116,2,Ta książka jest lepsza niż leki nasenne.,2018-02-09 22:50:36,37,4,536
366,user37,88,2,Ta książka jest lepsza niż leki nasenne.,2018-03-13 23:23:04,37,4,508
367,user37,7,2, ,2018-03-30 00:58:39,37,4,427
368,user37,165,1, ,2018-01-11 00:58:16,37,2,585
369,user37,334,3, ,2018-03-07 20:44:44,37,6,754
370,user37,163,5,Wyborna książka.,2018-03-31 13:40:08,37,10,583
371,user38,329,4,Zawiodłem się, zapowiadało się lepiej.,38,8,749
372,user38,178,1, ,2017-06-21 10:52:26,38,2,598
373,user38,263,3,Nie zrozumiałem zakończenia, ale poza tym może być.,38,6,683
374,user38,74,4,Dałbym 5 gdyby główny bohater nie był idiotą.,2017-07-09 16:54:36,38,8,494
375,user38,112,2,Czy ta książka coś parodiuje?,2017-10-30 22:16:32,38,4,532
376,user38,85,3,Nie zrozumiałem zakończenia, ale poza tym może być.,38,6,505
377,user38,135,5,Wyborna książka.,2017-11-26 11:26:41,38,10,555
378,user38,334,4,Dałbym 5 gdyby główny bohater nie był idiotą.,2017-09-03 10:25:21,38,8,754
379,user38,164,5,Rad jestem żem to przeczytał.,2016-09-30 22:00:27,38,10,584
380,user38,145,3,Autor powinien zmienić zawód.,2017-09-24 09:12:00,38,6,565
381,user39,328,2, ,2017-12-26 00:51:24,39,4,748
382,user39,180,5, ,2017-07-03 12:41:59,39,10,600
383,user39,328,1, ,2018-01-03 13:57:16,39,2,748
384,user39,183,5,Rad jestem żem to przeczytał.,2018-02-10 16:13:49,39,10,603
385,user39,130,2, ,2016-11-10 05:31:19,39,4,550
386,user39,101,5,Wyborna książka.,2016-10-22 22:48:29,39,10,521
387,user39,278,4,Dałbym 5 gdyby główny bohater nie był idiotą.,2017-07-28 03:29:34,39,8,698
388,user39,407,3, ,2018-01-28 00:24:37,39,6,827
389,user39,268,2, ,2017-02-23 13:40:41,39,4,688
390,user39,165,4, ,2016-12-30 09:10:57,39,8,585
391,user40,261,5, ,2017-10-23 05:14:16,40,10,681
392,user40,328,1,Najgorsza książka w historii najgorszych książek.,2017-11-25 17:59:46,40,2,748
393,user40,331,4, ,2017-05-10 02:44:16,40,8,751
394,user40,417,1,Dobra jako rozpałka do grilla.,2017-12-07 08:02:50,40,2,837
395,user40,292,2,Ta książka jest lepsza niż leki nasenne.,2016-11-13 11:12:56,40,4,712
396,user40,302,4,Dałbym 5 gdyby główny bohater nie był idiotą.,2016-11-04 13:40:15,40,8,722
397,user40,417,1,Dobra jako rozpałka do grilla.,2016-12-21 00:40:34,40,2,837
398,user40,405,2, ,2017-05-06 09:31:06,40,4,825
399,user40,164,5, ,2018-02-01 00:36:08,40,10,584
400,user40,143,1,Najgorsza książka w historii najgorszych książek.,2018-03-15 08:03:24,40,2,563
401,user41,330,5,Rad jestem żem to przeczytał.,2017-11-30 19:13:36,41,10,750
402,user41,51,3,Nie zrozumiałem zakończenia, ale poza tym może być.,41,6,471
403,user41,264,1, ,2017-10-11 20:38:18,41,2,684
404,user41,86,2,Czy ta książka coś parodiuje?,2018-03-06 10:04:51,41,4,506
405,user41,412,5,Wyborna książka.,2017-11-30 10:15:49,41,10,832
406,user41,413,1,Dobra jako rozpałka do grilla.,2017-12-23 09:51:02,41,2,833
407,user41,14,2,Czy ta książka coś parodiuje?,2018-02-04 14:33:54,41,4,434
408,user41,82,5,Rad jestem żem to przeczytał.,2018-02-25 12:26:05,41,10,502
409,user41,385,4,Dałbym 5 gdyby główny bohater nie był idiotą.,2017-11-07 16:45:15,41,8,805
410,user41,186,3,Nie zrozumiałem zakończenia, ale poza tym może być.,41,6,606
411,user42,182,3,Autor powinien zmienić zawód.,2016-02-22 04:16:18,42,6,602
412,user42,180,3, ,2015-10-24 06:04:21,42,6,600
413,user42,328,4, ,2016-12-14 23:50:19,42,8,748
414,user42,52,1, ,2017-12-18 06:19:10,42,2,472
415,user42,56,2,Ta książka jest lepsza niż leki nasenne.,2017-12-25 12:49:18,42,4,476
416,user42,79,3, ,2016-09-22 13:00:05,42,6,499
417,user42,110,2, ,2018-01-20 15:44:45,42,4,530
418,user42,405,5,Rad jestem żem to przeczytał.,2015-10-23 11:37:42,42,10,825
419,user42,268,5,Rad jestem żem to przeczytał.,2017-08-25 20:48:18,42,10,688
420,user42,163,1, ,2017-01-22 04:05:55,42,2,583
421,user43,329,4, ,2015-06-08 09:00:49,43,8,749
422,user43,264,5,Wyborna książka.,2016-11-10 18:41:25,43,10,684
423,user43,329,3, ,2015-04-28 03:50:00,43,6,749
424,user43,292,5, ,2017-10-20 19:53:28,43,10,712
425,user43,411,2, ,2015-04-18 21:02:45,43,4,831
426,user43,129,3,Nie zrozumiałem zakończenia, ale poza tym może być.,43,6,549
427,user43,121,2, ,2015-12-28 01:09:36,43,4,541
428,user43,145,2,Czy ta książka coś parodiuje?,2014-09-30 01:31:50,43,4,565
429,user43,335,5,Wyborna książka.,2016-01-21 08:40:02,43,10,755
430,user43,336,3,Nie zrozumiałem zakończenia, ale poza tym może być.,43,6,756
431,user44,182,3,Nie zrozumiałem zakończenia, ale poza tym może być.,44,6,602
432,user44,328,5, ,2016-10-11 12:13:00,44,10,748
433,user44,263,1, ,2015-07-01 02:23:47,44,2,683
434,user44,75,5, ,2015-01-02 13:22:20,44,10,495
435,user44,54,2, ,2015-03-15 18:21:15,44,4,474
436,user44,63,5,Rad jestem żem to przeczytał.,2015-01-05 19:25:34,44,10,483
437,user44,14,1,Dobra jako rozpałka do grilla.,2016-04-12 18:03:56,44,2,434
438,user44,386,2,Czy ta książka coś parodiuje?,2018-02-22 23:48:45,44,4,806
439,user44,185,5,Rad jestem żem to przeczytał.,2016-12-25 01:16:34,44,10,605
440,user44,165,4,Zawiodłem się, zapowiadało się lepiej.,44,8,585
441,user45,182,5, ,2016-01-01 04:59:26,45,10,602
442,user45,179,3, ,2016-06-21 16:56:09,45,6,599
443,user45,263,5,Wyborna książka.,2017-07-12 06:13:32,45,10,683
444,user45,136,3, ,2017-04-19 18:02:44,45,6,556
445,user45,270,1,Dobra jako rozpałka do grilla.,2016-10-28 03:01:55,45,2,690
446,user45,403,4, ,2017-05-31 15:38:33,45,8,823
447,user45,288,4, ,2018-04-07 18:08:47,45,8,708
448,user45,164,2,Czy ta książka coś parodiuje?,2016-04-13 18:47:08,45,4,584
449,user45,268,3, ,2017-04-02 08:46:57,45,6,688
450,user45,299,4, ,2016-09-12 01:39:36,45,8,719
451,user46,181,5,Rad jestem żem to przeczytał.,2018-02-09 01:05:54,46,10,601
452,user46,329,1, ,2017-12-21 18:37:28,46,2,749
453,user46,264,5,Rad jestem żem to przeczytał.,2017-11-22 20:59:30,46,10,684
454,user46,256,1,Dobra jako rozpałka do grilla.,2017-11-10 14:35:31,46,2,676
455,user46,119,4,Dałbym 5 gdyby główny bohater nie był idiotą.,2018-03-10 16:39:16,46,8,539
456,user46,56,3,Nie zrozumiałem zakończenia, ale poza tym może być.,46,6,476
457,user46,101,1,Dobra jako rozpałka do grilla.,2017-12-01 03:49:23,46,2,521
458,user46,268,1, ,2018-02-18 00:55:58,46,2,688
459,user46,404,2, ,2017-10-19 02:25:27,46,4,824
460,user46,299,5,Rad jestem żem to przeczytał.,2017-12-27 04:35:16,46,10,719
461,user47,181,1, ,2016-12-25 22:26:55,47,2,601
462,user47,51,1, ,2017-04-28 11:14:47,47,2,471
463,user47,328,2, ,2018-02-08 16:11:38,47,4,748
464,user47,139,2, ,2017-10-03 11:20:06,47,4,559
465,user47,88,3,Autor powinien zmienić zawód.,2016-07-25 12:05:40,47,6,508
466,user47,281,1, ,2017-08-11 07:16:38,47,2,701
467,user47,110,4,Dałbym 5 gdyby główny bohater nie był idiotą.,2017-12-17 04:34:14,47,8,530
468,user47,165,3,Nie zrozumiałem zakończenia, ale poza tym może być.,47,6,585
469,user47,337,1,Dobra jako rozpałka do grilla.,2016-11-12 05:06:35,47,2,757
470,user47,406,3, ,2017-09-15 11:17:30,47,6,826
471,user48,178,3,Nie zrozumiałem zakończenia, ale poza tym może być.,48,6,598
472,user48,384,5,Wyborna książka.,2017-09-07 17:30:32,48,10,804
473,user48,262,1, ,2017-05-21 21:25:27,48,2,682
474,user48,102,4, ,2017-05-21 03:20:35,48,8,522
475,user48,84,3,Nie zrozumiałem zakończenia, ale poza tym może być.,48,6,504
476,user48,121,4, ,2017-11-09 21:53:00,48,8,541
477,user48,121,4,Dałbym 5 gdyby główny bohater nie był idiotą.,2017-04-26 08:36:49,48,8,541
478,user48,387,4,Dałbym 5 gdyby główny bohater nie był idiotą.,2017-11-01 19:40:01,48,8,807
479,user48,266,2,Ta książka jest lepsza niż leki nasenne.,2017-03-02 11:50:53,48,4,686
480,user48,163,2, ,2017-05-30 18:30:45,48,4,583
481,user49,178,2, ,2017-10-30 05:02:06,49,4,598
482,user49,261,4,Zawiodłem się, zapowiadało się lepiej.,49,8,681
483,user49,181,1,Najgorsza książka w historii najgorszych książek.,2017-11-11 19:40:25,49,2,601
484,user49,273,4,Dałbym 5 gdyby główny bohater nie był idiotą.,2017-06-21 07:18:23,49,8,693
485,user49,289,1, ,2018-02-05 17:29:51,49,2,709
486,user49,14,3,Nie zrozumiałem zakończenia, ale poza tym może być.,49,6,434
487,user49,283,2,Ta książka jest lepsza niż leki nasenne.,2017-09-18 19:00:20,49,4,703
488,user49,266,2, ,2017-10-14 02:34:13,49,4,686
489,user49,186,3, ,2018-03-13 04:55:24,49,6,606
490,user49,185,4, ,2017-10-11 08:51:50,49,8,605
491,user50,331,5, ,2015-02-25 01:16:25,50,10,751
492,user50,179,1, ,2016-03-05 10:21:00,50,2,599
493,user50,331,4, ,2015-07-21 22:01:23,50,8,751
494,user50,160,2, ,2018-03-20 23:25:20,50,4,580
495,user50,296,5,Rad jestem żem to przeczytał.,2016-12-31 05:27:21,50,10,716
496,user50,291,3,Autor powinien zmienić zawód.,2015-07-10 23:37:53,50,6,711
497,user50,297,3, ,2015-12-28 10:55:05,50,6,717
498,user50,406,4, ,2018-02-20 02:49:11,50,8,826
499,user50,335,3, ,2016-11-29 08:34:58,50,6,755
500,user50,385,1, ,2015-09-15 22:55:20,50,2,805
501,user51,265,5, ,2017-06-24 10:24:29,51,10,685
502,user51,262,1,Dobra jako rozpałka do grilla.,2017-10-24 01:37:12,51,2,682
503,user51,264,4, ,2015-10-20 14:50:07,51,8,684
504,user51,5,5, ,2016-12-24 12:42:45,51,10,425
505,user51,117,5,Rad jestem żem to przeczytał.,2017-04-14 16:02:16,51,10,537
506,user51,112,3,Nie zrozumiałem zakończenia, ale poza tym może być.,51,6,532
507,user51,52,2, ,2016-06-27 13:48:57,51,4,472
508,user51,164,5, ,2016-05-04 10:58:43,51,10,584
509,user51,267,5, ,2016-09-08 15:29:53,51,10,687
510,user51,267,5, ,2015-01-27 22:42:07,51,10,687
511,user52,179,2, ,2018-03-24 11:41:43,52,4,599
512,user52,331,5,Wyborna książka.,2017-04-11 13:47:55,52,10,751
513,user52,51,5, ,2018-01-14 18:33:35,52,10,471
514,user52,412,3, ,2018-03-18 10:49:06,52,6,832
515,user52,130,4,Zawiodłem się, zapowiadało się lepiej.,52,8,550
516,user52,107,2, ,2017-05-25 05:51:07,52,4,527
517,user52,128,2, ,2018-02-13 04:14:30,52,4,548
518,user52,267,2,Czy ta książka coś parodiuje?,2017-04-12 14:42:30,52,4,687
519,user52,184,2, ,2017-07-30 03:12:47,52,4,604
520,user52,335,3,Autor powinien zmienić zawód.,2018-01-24 09:30:41,52,6,755
521,user53,181,3,Nie zrozumiałem zakończenia, ale poza tym może być.,53,6,601
522,user53,263,2,Czy ta książka coś parodiuje?,2018-02-13 04:43:48,53,4,683
523,user53,181,5,Rad jestem żem to przeczytał.,2017-09-15 21:46:44,53,10,601
524,user53,118,2, ,2015-09-27 12:53:16,53,4,538
525,user53,87,2,Czy ta książka coś parodiuje?,2016-02-25 11:49:13,53,4,507
526,user53,110,3, ,2016-09-05 03:33:04,53,6,530
527,user53,273,1,Dobra jako rozpałka do grilla.,2018-04-02 08:23:52,53,2,693
528,user53,144,4,Dałbym 5 gdyby główny bohater nie był idiotą.,2017-11-23 04:32:13,53,8,564
529,user53,185,4,Zawiodłem się, zapowiadało się lepiej.,53,8,605
530,user53,407,5, ,2016-01-19 22:28:00,53,10,827
531,user54,180,5,Wyborna książka.,2016-08-06 02:53:48,54,10,600
532,user54,328,3,Autor powinien zmienić zawód.,2017-06-05 14:24:03,54,6,748
533,user54,265,2, ,2017-11-10 19:03:22,54,4,685
534,user54,183,1,Najgorsza książka w historii najgorszych książek.,2017-01-03 06:23:58,54,2,603
535,user54,104,5, ,2016-11-28 12:23:17,54,10,524
536,user54,4,2, ,2018-02-17 23:53:44,54,4,424
537,user54,311,5, ,2016-08-07 05:38:43,54,10,731
538,user54,82,3, ,2017-08-27 19:16:25,54,6,502
539,user54,385,3, ,2016-09-10 23:19:20,54,6,805
540,user54,335,1, ,2016-08-30 23:23:32,54,2,755
541,user55,265,3, ,2016-11-22 22:29:58,55,6,685
542,user55,331,1, ,2018-03-26 06:44:41,55,2,751
543,user55,262,3,Nie zrozumiałem zakończenia, ale poza tym może być.,55,6,682
544,user55,140,5, ,2017-03-25 18:55:53,55,10,560
545,user55,52,1, ,2016-01-09 11:30:15,55,2,472
546,user55,2,4, ,2016-02-14 17:12:12,55,8,422
547,user55,115,4,Zawiodłem się, zapowiadało się lepiej.,55,8,535
548,user55,184,2,Czy ta książka coś parodiuje?,2016-03-16 10:36:13,55,4,604
549,user55,299,2,Czy ta książka coś parodiuje?,2017-05-10 15:01:47,55,4,719
550,user55,387,3,Nie zrozumiałem zakończenia, ale poza tym może być.,55,6,807
551,user56,178,3,Autor powinien zmienić zawód.,2017-04-11 12:03:28,56,6,598
552,user56,331,2,Czy ta książka coś parodiuje?,2018-03-23 22:15:22,56,4,751
553,user56,329,3, ,2018-01-29 07:08:53,56,6,749
554,user56,57,5, ,2017-08-18 23:16:52,56,10,477
555,user56,63,3, ,2018-02-21 13:13:40,56,6,483
556,user56,89,5,Rad jestem żem to przeczytał.,2017-05-21 03:52:52,56,10,509
557,user56,140,3, ,2017-08-16 11:31:43,56,6,560
558,user56,335,5,Wyborna książka.,2017-10-27 19:34:48,56,10,755
559,user56,337,1, ,2017-08-16 21:53:36,56,2,757
560,user56,404,1, ,2017-03-16 15:07:54,56,2,824
561,user57,384,2,Czy ta książka coś parodiuje?,2015-05-03 18:32:36,57,4,804
562,user57,262,2,Ta książka jest lepsza niż leki nasenne.,2017-06-01 14:45:25,57,4,682
563,user57,182,2, ,2015-11-05 19:51:05,57,4,602
564,user57,270,3,Nie zrozumiałem zakończenia, ale poza tym może być.,57,6,690
565,user57,107,4, ,2014-08-07 02:56:44,57,8,527
566,user57,289,5,Rad jestem żem to przeczytał.,2016-03-01 22:05:59,57,10,709
567,user57,296,5, ,2017-02-13 00:52:29,57,10,716
568,user57,145,1,Dobra jako rozpałka do grilla.,2017-08-07 10:09:08,57,2,565
569,user57,406,5, ,2016-05-30 08:41:32,57,10,826
570,user57,337,4,Zawiodłem się, zapowiadało się lepiej.,57,8,757
571,user58,180,2, ,2015-10-21 05:39:02,58,4,600
572,user58,263,2, ,2016-06-25 20:34:32,58,4,683
573,user58,181,2, ,2016-04-18 06:21:25,58,4,601
574,user58,119,2, ,2015-01-09 01:14:00,58,4,539
575,user58,121,3,Autor powinien zmienić zawód.,2016-02-20 08:27:54,58,6,541
576,user58,52,2,Czy ta książka coś parodiuje?,2016-11-09 14:00:11,58,4,472
577,user58,274,2, ,2017-07-09 20:39:29,58,4,694
578,user58,408,4,Dałbym 5 gdyby główny bohater nie był idiotą.,2016-09-24 11:43:33,58,8,828
579,user58,143,5, ,2017-11-17 18:25:31,58,10,563
580,user58,407,2,Czy ta książka coś parodiuje?,2016-07-31 17:41:17,58,4,827
581,user59,263,1, ,2018-02-17 20:41:18,59,2,683
582,user59,182,3,Autor powinien zmienić zawód.,2017-10-19 12:40:13,59,6,602
583,user59,178,4, ,2017-06-22 22:10:59,59,8,598
584,user59,273,2, ,2016-08-14 05:31:33,59,4,693
585,user59,80,3,Nie zrozumiałem zakończenia, ale poza tym może być.,59,6,500
586,user59,6,2, ,2017-05-11 03:47:22,59,4,426
587,user59,295,5, ,2017-01-17 07:55:40,59,10,715
588,user59,81,5, ,2016-06-09 03:22:41,59,10,501
589,user59,267,2,Ta książka jest lepsza niż leki nasenne.,2018-02-18 11:34:12,59,4,687
590,user59,334,3, ,2017-03-09 18:46:15,59,6,754
591,user60,331,5,Rad jestem żem to przeczytał.,2017-11-12 14:35:25,60,10,751
592,user60,328,2, ,2014-12-14 23:29:33,60,4,748
593,user60,263,2, ,2016-01-17 08:09:10,60,4,683
594,user60,62,4, ,2015-05-01 13:08:19,60,8,482
595,user60,114,1,Najgorsza książka w historii najgorszych książek.,2017-03-09 19:23:51,60,2,534
596,user60,89,1, ,2015-08-12 07:04:43,60,2,509
597,user60,107,4, ,2014-11-25 03:51:01,60,8,527
598,user60,408,3,Autor powinien zmienić zawód.,2017-09-22 02:10:34,60,6,828
599,user60,406,1, ,2017-02-05 06:08:54,60,2,826
600,user60,163,3,Autor powinien zmienić zawód.,2017-02-23 02:17:35,60,6,583
601,user61,61,4,Dałbym 5 gdyby główny bohater nie był idiotą.,2018-04-07 06:10:56,61,8,481
602,user61,21,1, ,2018-04-02 14:35:29,61,2,441
603,user61,27,2, ,2018-04-05 07:36:23,61,4,447
604,user61,317,1, ,2018-03-15 00:30:04,61,2,737
605,user61,357,3,Autor powinien zmienić zawód.,2018-03-28 07:01:02,61,6,777
606,user61,320,3,Autor powinien zmienić zawód.,2018-03-28 20:59:11,61,6,740
607,user61,65,5, ,2018-03-20 06:52:16,61,10,485
608,user61,247,3, ,2018-03-13 05:04:36,61,6,667
609,user61,236,4, ,2018-03-16 04:08:22,61,8,656
610,user61,237,5, ,2018-03-09 05:33:06,61,10,657
611,user62,149,3,Autor powinien zmienić zawód.,2016-06-27 20:26:18,62,6,569
612,user62,196,5, ,2017-05-17 12:13:01,62,10,616
613,user62,197,1,Dobra jako rozpałka do grilla.,2017-04-08 22:50:06,62,2,617
614,user62,322,3, ,2016-10-28 16:04:01,62,6,742
615,user62,204,1,Najgorsza książka w historii najgorszych książek.,2016-06-09 16:45:25,62,2,624
616,user62,321,1,Dobra jako rozpałka do grilla.,2016-07-28 00:52:38,62,2,741
617,user62,249,2, ,2018-01-05 06:23:06,62,4,669
618,user62,382,1, ,2017-06-24 14:23:02,62,2,802
619,user62,239,4,Zawiodłem się, zapowiadało się lepiej.,62,8,659
620,user62,93,4, ,2017-01-13 16:52:58,62,8,513
621,user63,23,5, ,2016-08-30 04:13:35,63,10,443
622,user63,22,4,Dałbym 5 gdyby główny bohater nie był idiotą.,2015-05-14 22:46:01,63,8,442
623,user63,28,1,Najgorsza książka w historii najgorszych książek.,2016-03-04 02:56:25,63,2,448
624,user63,154,4,Zawiodłem się, zapowiadało się lepiej.,63,8,574
625,user63,157,2,Czy ta książka coś parodiuje?,2015-03-18 13:20:44,63,4,577
626,user63,321,4,Dałbym 5 gdyby główny bohater nie był idiotą.,2016-06-17 04:31:43,63,8,741
627,user63,373,4, ,2014-09-25 03:14:46,63,8,793
628,user63,70,1,Dobra jako rozpałka do grilla.,2015-05-10 00:23:30,63,2,490
629,user63,365,5, ,2014-06-23 03:12:23,63,10,785
630,user63,323,3, ,2016-05-29 14:56:23,63,6,743
631,user64,190,5,Wyborna książka.,2017-04-19 02:40:05,64,10,610
632,user64,60,5, ,2017-11-08 01:05:41,64,10,480
633,user64,28,4,Dałbym 5 gdyby główny bohater nie był idiotą.,2017-03-18 11:34:49,64,8,448
634,user64,315,5,Rad jestem żem to przeczytał.,2018-01-28 22:38:04,64,10,735
635,user64,358,5, ,2017-07-11 10:23:07,64,10,778
636,user64,320,3, ,2017-12-26 00:30:42,64,6,740
637,user64,374,3, ,2017-03-13 18:38:58,64,6,794
638,user64,38,4,Dałbym 5 gdyby główny bohater nie był idiotą.,2017-04-22 23:30:57,64,8,458
639,user64,39,2, ,2017-02-24 17:23:38,64,4,459
640,user64,365,3, ,2017-12-07 14:05:17,64,6,785
641,user65,59,1,Najgorsza książka w historii najgorszych książek.,2018-02-02 22:09:35,65,2,479
642,user65,192,2,Czy ta książka coś parodiuje?,2017-12-29 07:46:23,65,4,612
643,user65,29,5, ,2017-12-31 12:24:50,65,10,449
644,user65,158,1, ,2015-07-27 22:25:03,65,2,578
645,user65,202,3,Nie zrozumiałem zakończenia, ale poza tym może być.,65,6,622
646,user65,12,5, ,2016-12-29 19:59:54,65,10,432
647,user65,242,1, ,2017-12-31 11:51:50,65,2,662
648,user65,171,3,Nie zrozumiałem zakończenia, ale poza tym może być.,65,6,591
649,user65,244,2,Ta książka jest lepsza niż leki nasenne.,2017-01-19 07:05:34,65,4,664
650,user65,372,3, ,2017-06-06 02:44:03,65,6,792
651,user66,153,3, ,2018-02-28 18:30:35,66,6,573
652,user66,24,1,Najgorsza książka w historii najgorszych książek.,2017-11-20 04:07:01,66,2,444
653,user66,27,5,Wyborna książka.,2018-01-01 02:55:40,66,10,447
654,user66,155,1,Dobra jako rozpałka do grilla.,2018-01-21 22:38:21,66,2,575
655,user66,11,2, ,2018-03-22 01:22:30,66,4,431
656,user66,202,5,Rad jestem żem to przeczytał.,2018-03-27 00:39:01,66,10,622
657,user66,44,3,Autor powinien zmienić zawód.,2017-12-25 11:50:48,66,6,464
658,user66,380,4,Zawiodłem się, zapowiadało się lepiej.,66,8,800
659,user66,70,5,Rad jestem żem to przeczytał.,2017-12-24 10:08:58,66,10,490
660,user66,226,3, ,2018-01-13 01:56:40,66,6,646
661,user67,193,4,Zawiodłem się, zapowiadało się lepiej.,67,8,613
662,user67,195,2,Ta książka jest lepsza niż leki nasenne.,2016-04-21 07:08:38,67,4,615
663,user67,147,4, ,2017-05-09 03:05:14,67,8,567
664,user67,201,4, ,2015-12-09 11:54:05,67,8,621
665,user67,319,2, ,2017-01-09 17:50:15,67,4,739
666,user67,361,5, ,2017-02-14 15:32:11,67,10,781
667,user67,375,4, ,2015-06-10 02:06:51,67,8,795
668,user67,252,5, ,2017-06-11 04:41:30,67,10,672
669,user67,172,1, ,2017-07-01 17:08:06,67,2,592
670,user67,382,2, ,2017-02-16 04:23:19,67,4,802
671,user68,147,3, ,2018-02-25 19:20:48,68,6,567
672,user68,151,3,Nie zrozumiałem zakończenia, ale poza tym może być.,68,6,571
673,user68,23,4,Zawiodłem się, zapowiadało się lepiej.,68,8,443
674,user68,322,1, ,2017-02-18 02:52:27,68,2,742
675,user68,202,2, ,2017-09-21 12:49:14,68,4,622
676,user68,200,5,Wyborna książka.,2017-11-14 15:42:23,68,10,620
677,user68,254,4, ,2017-10-01 00:20:49,68,8,674
678,user68,175,1,Najgorsza książka w historii najgorszych książek.,2018-03-30 03:49:04,68,2,595
679,user68,380,3,Autor powinien zmienić zawód.,2017-02-06 12:33:17,68,6,800
680,user68,170,5, ,2017-05-24 09:16:07,68,10,590
681,user69,391,2, ,2018-02-20 09:36:44,69,4,811
682,user69,191,1,Najgorsza książka w historii najgorszych książek.,2018-02-25 04:54:14,69,2,611
683,user69,20,4,Dałbym 5 gdyby główny bohater nie był idiotą.,2017-12-08 21:36:45,69,8,440
684,user69,155,2, ,2018-01-14 11:59:24,69,4,575
685,user69,356,5,Rad jestem żem to przeczytał.,2018-04-02 12:12:11,69,10,776
686,user69,356,1,Dobra jako rozpałka do grilla.,2017-10-30 21:23:00,69,2,776
687,user69,238,4, ,2018-01-05 11:17:26,69,8,658
688,user69,380,5, ,2018-03-02 20:28:03,69,10,800
689,user69,381,5,Wyborna książka.,2018-01-04 01:10:47,69,10,801
690,user69,225,4, ,2018-03-30 03:21:36,69,8,645
691,user70,191,3, ,2018-01-15 21:58:12,70,6,611
692,user70,193,4,Dałbym 5 gdyby główny bohater nie był idiotą.,2018-03-05 08:31:47,70,8,613
693,user70,192,1,Najgorsza książka w historii najgorszych książek.,2018-01-30 01:27:55,70,2,612
694,user70,360,5, ,2018-02-02 08:23:40,70,10,780
695,user70,200,5,Wyborna książka.,2018-03-22 16:08:52,70,10,620
696,user70,11,1,Dobra jako rozpałka do grilla.,2018-01-22 01:26:08,70,2,431
697,user70,365,4,Dałbym 5 gdyby główny bohater nie był idiotą.,2018-03-15 00:51:29,70,8,785
698,user70,371,3,Autor powinien zmienić zawód.,2018-03-12 02:33:33,70,6,791
699,user70,174,3,Autor powinien zmienić zawód.,2018-03-02 20:00:10,70,6,594
700,user70,235,2,Czy ta książka coś parodiuje?,2018-03-03 18:56:36,70,4,655
701,user71,151,3,Nie zrozumiałem zakończenia, ale poza tym może być.,71,6,571
702,user71,147,5, ,2018-01-23 14:31:46,71,10,567
703,user71,23,3,Autor powinien zmienić zawód.,2018-04-07 19:21:39,71,6,443
704,user71,203,3, ,2016-10-11 06:33:55,71,6,623
705,user71,204,3, ,2016-12-13 00:13:37,71,6,624
706,user71,361,1,Dobra jako rozpałka do grilla.,2017-06-02 02:00:59,71,2,781
707,user71,249,5,Rad jestem żem to przeczytał.,2017-05-07 12:27:59,71,10,669
708,user71,44,5,Rad jestem żem to przeczytał.,2017-03-06 22:54:07,71,10,464
709,user71,383,2, ,2016-10-19 14:50:53,71,4,803
710,user71,41,3, ,2017-01-21 23:12:49,71,6,461
711,user72,26,1, ,2016-01-02 06:51:40,72,2,446
712,user72,27,5,Rad jestem żem to przeczytał.,2016-01-31 21:15:48,72,10,447
713,user72,149,4,Dałbym 5 gdyby główny bohater nie był idiotą.,2017-12-18 13:34:47,72,8,569
714,user72,356,3, ,2016-10-27 21:50:00,72,6,776
715,user72,316,4, ,2016-04-11 09:22:40,72,8,736
716,user72,11,1,Dobra jako rozpałka do grilla.,2015-06-06 16:15:04,72,2,431
717,user72,252,3,Nie zrozumiałem zakończenia, ale poza tym może być.,72,6,672
718,user72,171,2,Czy ta książka coś parodiuje?,2018-02-12 09:35:12,72,4,591
719,user72,382,2,Ta książka jest lepsza niż leki nasenne.,2016-02-25 15:02:05,72,4,802
720,user72,233,4, ,2016-06-27 10:47:28,72,8,653
721,user73,197,2, ,2016-06-02 12:57:22,73,4,617
722,user73,23,3,Autor powinien zmienić zawód.,2017-08-22 21:58:45,73,6,443
723,user73,391,1, ,2016-11-26 10:14:42,73,2,811
724,user73,356,1, ,2017-02-15 15:30:49,73,2,776
725,user73,318,1, ,2018-01-10 12:21:13,73,2,738
726,user73,313,1,Najgorsza książka w historii najgorszych książek.,2016-12-19 05:49:46,73,2,733
727,user73,234,2,Ta książka jest lepsza niż leki nasenne.,2016-08-12 13:35:25,73,4,654
728,user73,175,2, ,2017-11-15 05:52:27,73,4,595
729,user73,92,5, ,2016-10-23 07:38:07,73,10,512
730,user73,232,4, ,2018-04-07 17:54:40,73,8,652
731,user74,196,4, ,2015-02-02 09:32:16,74,8,616
732,user74,197,3,Autor powinien zmienić zawód.,2016-04-01 15:39:14,74,6,617
733,user74,190,2, ,2016-01-17 05:22:30,74,4,610
734,user74,320,5,Wyborna książka.,2016-02-16 10:42:38,74,10,740
735,user74,36,5, ,2016-02-23 03:02:15,74,10,456
736,user74,319,5,Wyborna książka.,2016-08-03 12:17:39,74,10,739
737,user74,254,5, ,2017-03-14 09:48:03,74,10,674
738,user74,71,3,Nie zrozumiałem zakończenia, ale poza tym może być.,74,6,491
739,user74,174,3, ,2017-08-01 10:56:06,74,6,594
740,user74,237,4, ,2016-12-01 11:55:24,74,8,657
741,user75,151,3,Autor powinien zmienić zawód.,2015-10-04 00:46:42,75,6,571
742,user75,152,4,Dałbym 5 gdyby główny bohater nie był idiotą.,2016-02-11 02:42:03,75,8,572
743,user75,146,5,Rad jestem żem to przeczytał.,2016-10-24 00:03:07,75,10,566
744,user75,316,2, ,2016-02-04 07:43:58,75,4,736
745,user75,11,4,Dałbym 5 gdyby główny bohater nie był idiotą.,2015-03-30 04:08:44,75,8,431
746,user75,204,2, ,2014-08-10 19:24:14,75,4,624
747,user75,238,4,Zawiodłem się, zapowiadało się lepiej.,75,8,658
748,user75,72,1, ,2016-02-17 08:54:51,75,2,492
749,user75,239,5, ,2017-11-05 21:00:27,75,10,659
750,user75,369,3, ,2017-04-19 17:01:30,75,6,789
751,user76,198,1,Najgorsza książka w historii najgorszych książek.,2016-03-28 10:11:22,76,2,618
752,user76,190,3, ,2016-09-16 14:04:29,76,6,610
753,user76,59,2, ,2016-11-03 20:33:54,76,4,479
754,user76,157,5,Wyborna książka.,2015-10-01 02:12:17,76,10,577
755,user76,156,5, ,2017-08-24 20:46:44,76,10,576
756,user76,319,4,Dałbym 5 gdyby główny bohater nie był idiotą.,2016-08-11 03:07:10,76,8,739
757,user76,65,1,Najgorsza książka w historii najgorszych książek.,2015-04-19 20:37:32,76,2,485
758,user76,228,2,Ta książka jest lepsza niż leki nasenne.,2016-10-03 10:20:26,76,4,648
759,user76,370,4, ,2016-03-14 01:30:53,76,8,790
760,user76,241,3,Autor powinien zmienić zawód.,2017-12-23 06:57:11,76,6,661
761,user77,21,5, ,2018-03-19 23:59:28,77,10,441
762,user77,61,1, ,2018-03-12 04:15:26,77,2,481
763,user77,197,4, ,2018-03-31 05:15:06,77,8,617
764,user77,35,3,Nie zrozumiałem zakończenia, ale poza tym może być.,77,6,455
765,user77,154,5, ,2018-02-23 17:07:09,77,10,574
766,user77,358,1, ,2018-04-04 10:21:23,77,2,778
767,user77,373,1,Najgorsza książka w historii najgorszych książek.,2018-03-28 06:31:07,77,2,793
768,user77,92,2,Ta książka jest lepsza niż leki nasenne.,2018-03-28 20:28:18,77,4,512
769,user77,370,1,Dobra jako rozpałka do grilla.,2018-03-09 17:03:06,77,2,790
770,user77,240,5,Wyborna książka.,2018-04-03 20:56:29,77,10,660
771,user78,146,1, ,2015-08-22 11:51:49,78,2,566
772,user78,29,3, ,2017-08-23 07:42:54,78,6,449
773,user78,26,5, ,2016-07-24 06:16:12,78,10,446
774,user78,199,2, ,2016-01-29 14:59:39,78,4,619
775,user78,356,3,Nie zrozumiałem zakończenia, ale poza tym może być.,78,6,776
776,user78,319,3, ,2016-02-20 20:36:55,78,6,739
777,user78,64,1,Najgorsza książka w historii najgorszych książek.,2017-05-07 21:08:23,78,2,484
778,user78,230,1, ,2016-02-24 14:20:36,78,2,650
779,user78,232,2,Ta książka jest lepsza niż leki nasenne.,2017-10-07 04:33:13,78,4,652
780,user78,377,2,Czy ta książka coś parodiuje?,2018-02-21 18:31:55,78,4,797
781,user79,147,3,Autor powinien zmienić zawód.,2017-04-06 14:15:23,79,6,567
782,user79,390,3,Nie zrozumiałem zakończenia, ale poza tym może być.,79,6,810
783,user79,196,1, ,2018-02-28 08:06:20,79,2,616
784,user79,320,3, ,2017-12-31 08:38:22,79,6,740
785,user79,200,2,Czy ta książka coś parodiuje?,2017-09-19 23:01:25,79,4,620
786,user79,357,4, ,2016-04-28 20:23:09,79,8,777
787,user79,323,1,Dobra jako rozpałka do grilla.,2017-08-12 03:11:10,79,2,743
788,user79,95,1,Najgorsza książka w historii najgorszych książek.,2017-07-16 15:25:00,79,2,515
789,user79,171,3, ,2017-07-28 13:21:40,79,6,591
790,user79,254,3, ,2016-11-29 00:36:42,79,6,674
791,user80,192,2,Czy ta książka coś parodiuje?,2018-03-05 16:11:21,80,4,612
792,user80,23,4, ,2017-06-03 02:45:32,80,8,443
793,user80,28,1,Dobra jako rozpałka do grilla.,2016-01-15 10:12:16,80,2,448
794,user80,201,4,Zawiodłem się, zapowiadało się lepiej.,80,8,621
795,user80,157,3, ,2016-10-04 04:24:33,80,6,577
796,user80,205,5,Wyborna książka.,2017-04-27 16:53:27,80,10,625
797,user80,39,5, ,2016-02-21 07:52:06,80,10,459
798,user80,249,5,Wyborna książka.,2017-08-27 18:50:10,80,10,669
799,user80,242,3,Nie zrozumiałem zakończenia, ale poza tym może być.,80,6,662
800,user80,65,5,Rad jestem żem to przeczytał.,2017-05-18 14:23:46,80,10,485
801,user81,149,4,Dałbym 5 gdyby główny bohater nie był idiotą.,2015-05-18 22:16:25,81,8,569
802,user81,196,2,Ta książka jest lepsza niż leki nasenne.,2014-07-31 05:05:37,81,4,616
803,user81,148,4, ,2018-02-16 10:40:28,81,8,568
804,user81,13,3, ,2015-01-17 16:30:28,81,6,433
805,user81,13,2, ,2017-12-24 05:23:28,81,4,433
806,user81,13,2,Ta książka jest lepsza niż leki nasenne.,2017-11-12 04:21:28,81,4,433
807,user81,376,3, ,2018-01-31 22:53:54,81,6,796
808,user81,233,2,Czy ta książka coś parodiuje?,2016-12-04 22:16:41,81,4,653
809,user81,169,2, ,2014-04-22 01:39:04,81,4,589
810,user81,175,3, ,2014-08-10 12:04:43,81,6,595
811,user82,21,1, ,2014-06-18 23:28:53,82,2,441
812,user82,149,4, ,2016-06-20 19:36:39,82,8,569
813,user82,29,1, ,2015-02-10 11:12:34,82,2,449
814,user82,205,2,Czy ta książka coś parodiuje?,2016-11-05 03:00:28,82,4,625
815,user82,158,5, ,2016-02-08 10:33:58,82,10,578
816,user82,315,3, ,2015-12-18 02:15:08,82,6,735
817,user82,239,5,Rad jestem żem to przeczytał.,2016-08-04 14:17:16,82,10,659
818,user82,230,4,Dałbym 5 gdyby główny bohater nie był idiotą.,2015-12-02 16:12:57,82,8,650
819,user82,227,1, ,2015-10-09 00:34:43,82,2,647
820,user82,238,1,Najgorsza książka w historii najgorszych książek.,2017-08-29 17:01:21,82,2,658
821,user83,152,2, ,2015-07-07 18:24:42,83,4,572
822,user83,152,5, ,2017-03-28 06:05:05,83,10,572
823,user83,194,3, ,2016-10-26 20:24:42,83,6,614
824,user83,204,3,Autor powinien zmienić zawód.,2016-12-02 18:10:25,83,6,624
825,user83,355,4,Dałbym 5 gdyby główny bohater nie był idiotą.,2015-04-15 06:22:11,83,8,775
826,user83,315,2,Czy ta książka coś parodiuje?,2015-01-22 19:21:37,83,4,735
827,user83,174,3,Autor powinien zmienić zawód.,2016-05-04 05:48:22,83,6,594
828,user83,241,4,Zawiodłem się, zapowiadało się lepiej.,83,8,661
829,user83,237,2, ,2015-10-13 20:08:50,83,4,657
830,user83,172,5, ,2015-06-16 17:45:42,83,10,592
831,user84,392,2,Ta książka jest lepsza niż leki nasenne.,2017-10-18 03:51:08,84,4,812
832,user84,28,4,Zawiodłem się, zapowiadało się lepiej.,84,8,448
833,user84,151,1,Dobra jako rozpałka do grilla.,2017-05-08 18:20:06,84,2,571
834,user84,355,4,Zawiodłem się, zapowiadało się lepiej.,84,8,775
835,user84,34,4,Dałbym 5 gdyby główny bohater nie był idiotą.,2017-12-18 05:26:33,84,8,454
836,user84,357,4,Dałbym 5 gdyby główny bohater nie był idiotą.,2017-10-23 11:59:52,84,8,777
837,user84,169,5, ,2017-12-31 13:15:45,84,10,589
838,user84,66,3, ,2017-12-04 13:44:05,84,6,486
839,user84,41,1, ,2017-06-03 20:27:51,84,2,461
840,user84,254,1, ,2017-06-14 02:10:32,84,2,674
841,user85,150,2, ,2018-01-18 12:48:38,85,4,570
842,user85,60,5,Rad jestem żem to przeczytał.,2018-02-08 23:40:28,85,10,480
843,user85,149,5,Wyborna książka.,2018-03-06 00:18:50,85,10,569
844,user85,33,5, ,2018-03-16 11:46:33,85,10,453
845,user85,199,1,Najgorsza książka w historii najgorszych książek.,2018-02-26 14:05:52,85,2,619
846,user85,34,3, ,2018-02-06 07:56:56,85,6,454
847,user85,383,5, ,2018-01-15 05:17:45,85,10,803
848,user85,382,2, ,2018-03-02 16:07:34,85,4,802
849,user85,92,1, ,2017-11-23 20:40:48,85,2,512
850,user85,174,3, ,2017-12-11 15:30:13,85,6,594
851,user86,192,4, ,2016-11-01 14:05:45,86,8,612
852,user86,198,2,Czy ta książka coś parodiuje?,2016-12-09 05:45:36,86,4,618
853,user86,196,2, ,2017-08-10 19:59:28,86,4,616
854,user86,358,4,Zawiodłem się, zapowiadało się lepiej.,86,8,778
855,user86,36,4,Dałbym 5 gdyby główny bohater nie był idiotą.,2016-02-03 02:02:25,86,8,456
856,user86,155,5, ,2016-12-02 03:50:45,86,10,575
857,user86,374,3, ,2016-11-08 08:23:40,86,6,794
858,user86,250,1, ,2016-09-22 04:17:36,86,2,670
859,user86,254,2,Ta książka jest lepsza niż leki nasenne.,2016-08-02 09:42:54,86,4,674
860,user86,66,5,Rad jestem żem to przeczytał.,2018-01-26 23:16:13,86,10,486
861,user87,147,1,Dobra jako rozpałka do grilla.,2017-10-01 05:54:50,87,2,567
862,user87,193,4,Zawiodłem się, zapowiadało się lepiej.,87,8,613
863,user87,392,2, ,2018-04-01 16:57:34,87,4,812
864,user87,355,4,Zawiodłem się, zapowiadało się lepiej.,87,8,775
865,user87,206,3,Autor powinien zmienić zawód.,2017-07-23 02:32:26,87,6,626
866,user87,154,5, ,2017-12-26 09:27:37,87,10,574
867,user87,236,2, ,2017-03-14 21:22:58,87,4,656
868,user87,46,2, ,2017-08-17 01:26:10,87,4,466
869,user87,239,3,Nie zrozumiałem zakończenia, ale poza tym może być.,87,6,659
870,user87,95,1,Dobra jako rozpałka do grilla.,2017-11-25 04:26:45,87,2,515
871,user88,20,2,Ta książka jest lepsza niż leki nasenne.,2018-03-27 20:07:18,88,4,440
872,user88,20,5,Wyborna książka.,2017-05-20 01:03:59,88,10,440
873,user88,21,1,Dobra jako rozpałka do grilla.,2017-11-13 01:31:33,88,2,441
874,user88,13,4, ,2018-02-19 08:37:40,88,8,433
875,user88,359,4,Zawiodłem się, zapowiadało się lepiej.,88,8,779
876,user88,157,3,Nie zrozumiałem zakończenia, ale poza tym może być.,88,6,577
877,user88,228,3,Autor powinien zmienić zawód.,2017-04-30 12:11:48,88,6,648
878,user88,238,5,Rad jestem żem to przeczytał.,2017-09-19 03:19:01,88,10,658
879,user88,41,1,Dobra jako rozpałka do grilla.,2017-11-02 15:37:38,88,2,461
880,user88,371,5,Rad jestem żem to przeczytał.,2017-09-28 14:33:14,88,10,791
881,user89,60,3,Autor powinien zmienić zawód.,2017-01-12 10:48:50,89,6,480
882,user89,59,3,Nie zrozumiałem zakończenia, ale poza tym może być.,89,6,479
883,user89,198,5, ,2016-11-04 10:37:38,89,10,618
884,user89,155,3,Autor powinien zmienić zawód.,2018-01-18 10:19:53,89,6,575
885,user89,12,5, ,2016-11-11 14:26:43,89,10,432
886,user89,98,5, ,2016-11-02 12:34:16,89,10,518
887,user89,373,5,Wyborna książka.,2017-05-26 11:40:42,89,10,793
888,user89,92,1, ,2017-11-26 07:21:19,89,2,512
889,user89,227,4,Dałbym 5 gdyby główny bohater nie był idiotą.,2016-11-26 14:44:00,89,8,647
890,user89,94,1,Dobra jako rozpałka do grilla.,2018-02-11 13:01:17,89,2,514
891,user90,197,2, ,2017-06-16 09:56:13,90,4,617
892,user90,60,5,Wyborna książka.,2018-03-21 20:23:03,90,10,480
893,user90,22,3,Nie zrozumiałem zakończenia, ale poza tym może być.,90,6,442
894,user90,322,2, ,2016-05-27 16:04:16,90,4,742
895,user90,393,5, ,2016-07-20 04:30:33,90,10,813
896,user90,322,3, ,2017-11-02 19:57:32,90,6,742
897,user90,249,1, ,2017-09-08 03:11:39,90,2,669
898,user90,375,2,Ta książka jest lepsza niż leki nasenne.,2016-11-08 07:38:41,90,4,795
899,user90,245,4,Zawiodłem się, zapowiadało się lepiej.,90,8,665
900,user90,323,1, ,2017-02-11 18:35:49,90,2,743
901,user91,153,2,Czy ta książka coś parodiuje?,2017-11-13 00:02:21,91,4,573
902,user91,23,3, ,2017-07-19 13:23:05,91,6,443
903,user91,152,2, ,2016-08-28 01:52:50,91,4,572
904,user91,98,5, ,2016-04-21 17:11:17,91,10,518
905,user91,158,3, ,2017-08-16 03:17:54,91,6,578
906,user91,156,2, ,2016-04-29 18:15:57,91,4,576
907,user91,248,4, ,2017-01-08 03:32:03,91,8,668
908,user91,43,5,Rad jestem żem to przeczytał.,2017-04-19 18:45:26,91,10,463
909,user91,249,1, ,2017-09-09 08:41:26,91,2,669
910,user91,366,3,Nie zrozumiałem zakończenia, ale poza tym może być.,91,6,786
911,user92,148,4, ,2017-06-12 06:05:07,92,8,568
912,user92,27,1, ,2017-01-16 14:59:51,92,2,447
913,user92,25,4,Zawiodłem się, zapowiadało się lepiej.,92,8,445
914,user92,321,3, ,2017-11-29 15:13:24,92,6,741
915,user92,314,3,Nie zrozumiałem zakończenia, ale poza tym może być.,92,6,734
916,user92,98,5,Rad jestem żem to przeczytał.,2016-12-25 10:36:28,92,10,518
917,user92,238,2,Czy ta książka coś parodiuje?,2017-05-12 04:53:49,92,4,658
918,user92,170,2, ,2017-12-21 22:15:28,92,4,590
919,user92,239,1,Najgorsza książka w historii najgorszych książek.,2016-10-02 10:16:06,92,2,659
920,user92,95,3,Nie zrozumiałem zakończenia, ale poza tym może być.,92,6,515
921,user93,146,5, ,2017-07-15 19:45:02,93,10,566
922,user93,391,2,Czy ta książka coś parodiuje?,2017-06-09 09:57:38,93,4,811
923,user93,151,1,Najgorsza książka w historii najgorszych książek.,2017-12-27 20:16:40,93,2,571
924,user93,205,1,Dobra jako rozpałka do grilla.,2017-11-27 07:28:31,93,2,625
925,user93,393,5,Rad jestem żem to przeczytał.,2016-11-27 01:51:54,93,10,813
926,user93,199,1,Dobra jako rozpałka do grilla.,2017-11-10 06:58:42,93,2,619
927,user93,169,5, ,2017-09-13 18:42:02,93,10,589
928,user93,241,2, ,2017-01-07 00:30:53,93,4,661
929,user93,231,5, ,2016-12-27 20:23:35,93,10,651
930,user93,47,1, ,2018-03-27 01:06:59,93,2,467
931,user94,19,5, ,2017-02-23 18:53:50,94,10,439
932,user94,27,5,Wyborna książka.,2018-04-03 06:17:16,94,10,447
933,user94,196,4, ,2017-02-04 04:34:05,94,8,616
934,user94,393,5, ,2016-12-06 12:39:04,94,10,813
935,user94,357,5,Wyborna książka.,2017-02-01 14:13:51,94,10,777
936,user94,317,2, ,2017-04-14 08:33:35,94,4,737
937,user94,231,2, ,2017-09-29 23:42:34,94,4,651
938,user94,45,1,Najgorsza książka w historii najgorszych książek.,2017-09-17 01:33:21,94,2,465
939,user94,237,1,Najgorsza książka w historii najgorszych książek.,2018-01-27 13:35:34,94,2,657
940,user94,367,4, ,2016-12-13 15:12:00,94,8,787
941,user95,198,5,Wyborna książka.,2017-08-26 21:00:40,95,10,618
942,user95,193,3,Autor powinien zmienić zawód.,2016-10-23 01:51:05,95,6,613
943,user95,27,5, ,2016-05-16 11:15:44,95,10,447
944,user95,320,5, ,2014-05-11 22:04:56,95,10,740
945,user95,36,1,Najgorsza książka w historii najgorszych książek.,2015-10-08 13:05:13,95,2,456
946,user95,33,1,Dobra jako rozpałka do grilla.,2015-09-25 17:17:05,95,2,453
947,user95,382,4, ,2016-04-05 12:22:08,95,8,802
948,user95,254,4, ,2017-08-18 15:03:11,95,8,674
949,user95,247,5,Rad jestem żem to przeczytał.,2015-12-16 13:27:39,95,10,667
950,user95,45,4,Zawiodłem się, zapowiadało się lepiej.,95,8,465
951,user96,192,1,Dobra jako rozpałka do grilla.,2017-12-28 01:54:41,96,2,612
952,user96,192,2,Czy ta książka coś parodiuje?,2017-12-12 00:51:41,96,4,612
953,user96,26,5, ,2017-09-17 01:04:25,96,10,446
954,user96,315,5, ,2017-07-31 04:05:44,96,10,735
955,user96,316,1, ,2017-08-24 18:12:39,96,2,736
956,user96,34,5,Rad jestem żem to przeczytał.,2017-10-29 03:33:40,96,10,454
957,user96,251,3, ,2018-02-26 07:22:04,96,6,671
958,user96,174,5,Rad jestem żem to przeczytał.,2016-10-19 00:07:07,96,10,594
959,user96,71,4,Dałbym 5 gdyby główny bohater nie był idiotą.,2017-10-27 21:26:53,96,8,491
960,user96,240,2,Ta książka jest lepsza niż leki nasenne.,2018-01-27 03:28:34,96,4,660
961,user97,28,4, ,2017-12-04 17:36:08,97,8,448
962,user97,21,5, ,2017-05-13 12:32:27,97,10,441
963,user97,148,5, ,2016-12-18 21:33:11,97,10,568
964,user97,362,3, ,2017-01-15 07:08:59,97,6,782
965,user97,316,4, ,2017-11-10 13:44:59,97,8,736
966,user97,35,5,Wyborna książka.,2017-04-11 08:18:28,97,10,455
967,user97,72,5, ,2017-07-16 10:03:08,97,10,492
968,user97,244,3,Nie zrozumiałem zakończenia, ale poza tym może być.,97,6,664
969,user97,253,5, ,2017-10-19 23:51:23,97,10,673
970,user97,253,4, ,2018-03-11 19:09:44,97,8,673
971,user98,192,4,Zawiodłem się, zapowiadało się lepiej.,98,8,612
972,user98,152,4,Dałbym 5 gdyby główny bohater nie był idiotą.,2016-08-10 10:53:37,98,8,572
973,user98,25,3,Nie zrozumiałem zakończenia, ale poza tym może być.,98,6,445
974,user98,157,5,Wyborna książka.,2018-01-28 09:46:09,98,10,577
975,user98,358,5, ,2016-09-10 11:56:05,98,10,778
976,user98,321,2, ,2017-08-02 12:22:48,98,4,741
977,user98,381,3,Autor powinien zmienić zawód.,2016-09-21 16:07:07,98,6,801
978,user98,242,4,Dałbym 5 gdyby główny bohater nie był idiotą.,2017-02-09 12:18:23,98,8,662
979,user98,45,2,Ta książka jest lepsza niż leki nasenne.,2018-04-03 09:33:09,98,4,465
980,user98,382,5, ,2017-04-13 15:31:25,98,10,802
981,user99,146,2,Ta książka jest lepsza niż leki nasenne.,2015-09-13 10:33:44,99,4,566
982,user99,152,3,Autor powinien zmienić zawód.,2016-11-23 04:47:40,99,6,572
983,user99,24,4,Dałbym 5 gdyby główny bohater nie był idiotą.,2017-07-23 03:30:08,99,8,444
984,user99,361,3, ,2017-11-30 19:06:27,99,6,781
985,user99,206,4,Dałbym 5 gdyby główny bohater nie był idiotą.,2016-06-08 13:15:55,99,8,626
986,user99,13,2, ,2017-03-14 16:56:46,99,4,433
987,user99,231,2, ,2017-08-16 02:37:55,99,4,651
988,user99,374,2, ,2015-05-18 08:22:02,99,4,794
989,user99,45,4,Zawiodłem się, zapowiadało się lepiej.,99,8,465
990,user99,45,5, ,2017-12-14 01:46:46,99,10,465
991,user100,59,2,Ta książka jest lepsza niż leki nasenne.,2016-02-13 14:08:56,100,4,479
992,user100,22,3,Autor powinien zmienić zawód.,2017-03-04 14:15:58,100,6,442
993,user100,190,2,Czy ta książka coś parodiuje?,2018-03-27 10:30:40,100,4,610
994,user100,359,5,Wyborna książka.,2016-11-25 03:03:50,100,10,779
995,user100,155,3,Autor powinien zmienić zawód.,2016-10-15 02:51:20,100,6,575
996,user100,155,3, ,2016-07-06 21:31:46,100,6,575
997,user100,170,3,Nie zrozumiałem zakończenia, ale poza tym może być.,100,6,590
998,user100,240,4, ,2015-12-11 18:00:13,100,8,660
999,user100,377,5, ,2017-06-22 05:12:33,100,10,797
1000,user100,382,3,Autor powinien zmienić zawód.,2016-10-20 20:48:32,100,6,802
