1;Agatha Christie;Autobiografia;;autobiografia/pamiętnik
2;Albert Camus;Człowiek zbuntowany;;literatura piękna/klasyka
3;Albert Camus;Dżuma;;literatura piękna/klasyka
4;Albert Camus;Obcy;;literatura piękna/klasyka
5;Albert Camus;Upadek;;literatura piękna/klasyka
6;Albert Camus;Wygnanie i królestwo;;literatura piękna/klasyka
7;Aldous Huxley;Kontrapunkt;;literatura piękna/klasyka
8;Aldous Huxley;Drzwi percepcji;;publicystyka literacka/esej
9;Aldous Huxley;Filozofia wieczysta;;publicystyka literacka/esej
10;Aldous Huxley;Niebo i piekło;;publicystyka literacka/esej
11;Aldous Huxley;Małpa i duch;;science fiction
12;Aldous Huxley;Nowy wspaniały świat;;science fiction
13;Aldous Huxley;Wyspa;;science fiction
14;Aleksander Sołżenicyn;Oddział chorych na raka;;literatura piękna/klasyka
15;Aleksander Sołżenicyn;Archipelag GUŁag. 1918-1956;;publicystyka literacka/esej
16;Aleksander Sołżenicyn;Jeden dzień Iwana Denisowicza;;publicystyka literacka/esej
17;Aleksander Sołżenicyn;Krąg pierwszy;;publicystyka literacka/esej
18;Andrzej Iwan;Spalony;;autobiografia/pamiętnik
19;Andrzej Sapkowski;Boży bojownicy;Trylogia husycka;fantasy
20;Andrzej Sapkowski;Lux perpetua;Trylogia husycka;fantasy
21;Andrzej Sapkowski;Narrenturm;Trylogia husycka;fantasy
22;Andrzej Sapkowski;Chrzest ognia;Wiedźmin Geralt z Rivii;fantasy
23;Andrzej Sapkowski;Czas pogardy;Wiedźmin Geralt z Rivii;fantasy
24;Andrzej Sapkowski;Krew elfów;Wiedźmin Geralt z Rivii;fantasy
25;Andrzej Sapkowski;Miecz przeznaczenia;Wiedźmin Geralt z Rivii;fantasy
26;Andrzej Sapkowski;Ostatnie życzenie;Wiedźmin Geralt z Rivii;fantasy
27;Andrzej Sapkowski;Pani Jeziora;Wiedźmin Geralt z Rivii;fantasy
28;Andrzej Sapkowski;Sezon burz;Wiedźmin Geralt z Rivii;fantasy
29;Andrzej Sapkowski;Wieża Jaskółki;Wiedźmin Geralt z Rivii;fantasy
30;Angelika Kuźniak;Stryjeńska. Diabli nadali;;autobiografia/pamiętnik
31;Anna Kamińska;Simona. Opowieść o niezwyczajnym życiu Simony Kossak;;biografia
32;Anna Kamińska;Wanda. Opowieść o sile życia i śmierci. Historia Wandy Rutkiewicz;;biografia
33;Arthur C. Clarke;2001: Odyseja Kosmiczna;Odyseja Kosmiczna;science fiction
34;Arthur C. Clarke;2010: odyseja kosmiczna;Odyseja Kosmiczna;science fiction
35;Arthur C. Clarke;2061: odyseja kosmiczna;Odyseja Kosmiczna;science fiction
36;Arthur C. Clarke;3001: Odyseja kosmiczna. Finał;Odyseja Kosmiczna;science fiction
37;Arthur Conan Doyle;Nowe objawienie: Co to jest spirytyzm?;;publicystyka literacka/esej
38;Arthur Conan Doyle;Dolina Strachu;Sherlock Holmes;thriller/sensacja/kryminał
39;Arthur Conan Doyle;Pies Baskervillów;Sherlock Holmes;thriller/sensacja/kryminał
40;Arthur Conan Doyle;Powrót Sherlocka Holmesa;Sherlock Holmes;thriller/sensacja/kryminał
41;Arthur Conan Doyle;Pożegnalny ukłon;Sherlock Holmes;thriller/sensacja/kryminał
42;Arthur Conan Doyle;Przygody Sherlocka Holmesa;Sherlock Holmes;thriller/sensacja/kryminał
43;Arthur Conan Doyle;Studium w szkarłacie;Sherlock Holmes;thriller/sensacja/kryminał
44;Arthur Conan Doyle;Wspomnienia Sherlocka Holmesa;Sherlock Holmes;thriller/sensacja/kryminał
45;Arthur Conan Doyle;Znak czterech;Sherlock Holmes;thriller/sensacja/kryminał
46;Arthur Conan Doyle;Dziwne zjawiska;;thriller/sensacja/kryminał
47;Arthur Conan Doyle;Przygody brygadiera Gerarda;;thriller/sensacja/kryminał
48;Artur Domosławski;Kapuściński non-fiction;;biografia
49;Ashlee Vance;Elon Musk. Biografia twórcy PayPala, Tesli i SpaceX;;biografia
50;Boel Westin;Tove Jansson: Mama Muminków;;biografia
51;Bolesław Prus;Faraon;;literatura piękna/historyczne
52;Bolesław Prus;Anielka;;literatura piękna/klasyka
53;Bolesław Prus;Antek;;literatura piękna/klasyka
54;Bolesław Prus;Emancypantki;;literatura piękna/klasyka
55;Bolesław Prus;Kamizelka;;literatura piękna/klasyka
56;Bolesław Prus;Lalka;;literatura piękna/klasyka
57;Bolesław Prus;Powracająca fala;;literatura piękna/klasyka
58;C. S. Lewis;Smutek;;autobiografia/pamiętnik
59;C. S. Lewis;Książę Kaspian;Opowieści z Narnii;fantasy
60;C. S. Lewis;Lew, czarownica i stara szafa;Opowieści z Narnii;fantasy
61;C. S. Lewis;Podróż Wędrowca do Świtu;Opowieści z Narnii;fantasy
62;C. S. Lewis;Dopóki mamy twarze;;literatura piękna/klasyka
63;C. S. Lewis;Podział ostateczny;;literatura piękna/klasyka
64;Camilla Läckberg;Fabrykantka aniołków;Saga o Fjällbace;thriller/sensacja/kryminał
65;Camilla Läckberg;Kamieniarz;Saga o Fjällbace;thriller/sensacja/kryminał
66;Camilla Läckberg;Kaznodzieja;Saga o Fjällbace;thriller/sensacja/kryminał
67;Camilla Läckberg;Księżniczka z lodu;Saga o Fjällbace;thriller/sensacja/kryminał
68;Camilla Läckberg;Latarnik;Saga o Fjällbace;thriller/sensacja/kryminał
69;Camilla Läckberg;Niemiecki bękart;Saga o Fjällbace;thriller/sensacja/kryminał
70;Camilla Läckberg;Ofiara losu;Saga o Fjällbace;thriller/sensacja/kryminał
71;Camilla Läckberg;Syrenka;Saga o Fjällbace;thriller/sensacja/kryminał
72;Camilla Läckberg;Morderstwa i woń migdałów;;thriller/sensacja/kryminał
73;Camilla Läckberg;Pogromca lwów;;thriller/sensacja/kryminał
74;Carlos Ruiz Zafón;Cień wiatru;Cmentarz Zapomnianych Książek;literatura piękna/klasyka
75;Carlos Ruiz Zafón;Gra Anioła;Cmentarz Zapomnianych Książek;literatura piękna/klasyka
76;Carlos Ruiz Zafón;Labirynt duchów;Cmentarz Zapomnianych Książek;literatura piękna/klasyka
77;Carlos Ruiz Zafón;Więzień Nieba;Cmentarz Zapomnianych Książek;literatura piękna/klasyka
78;Charles Bukowski;Faktotum;;literatura piękna/klasyka
79;Charles Bukowski;Kobiety;;literatura piękna/klasyka
80;Charles Bukowski;Szmira;;literatura piękna/klasyka
81;Charles Bukowski;Listonosz;;literatura współczesna
82;Charles Bukowski;Z szynką raz!;;literatura współczesna
83;Charles Bukowski;Zapiski starego świntucha;;publicystyka literacka/esej
84;Charles Dickens;Dawid Copperfield;;literatura piękna/klasyka
85;Charles Dickens;Oliver Twist;;literatura piękna/klasyka
86;Charles Dickens;Opowieść o dwóch miastach;;literatura piękna/klasyka
87;Charles Dickens;Opowieść wigilijna;;literatura piękna/klasyka
88;Charles Dickens;Samotnia;;literatura piękna/klasyka
89;Charles Dickens;Wielkie Nadzieje;;literatura piękna/klasyka
90;Christiane Felscherinow;My, dzieci z dworca ZOO;;autobiografia/pamiętnik
91;Christiane Felscherinow;Życie mimo wszystko;;autobiografia/pamiętnik
92;Dan Brown;Anioły i demony;;thriller/sensacja/kryminał
93;Dan Brown;Cyfrowa twierdza;;thriller/sensacja/kryminał
94;Dan Brown;Inferno;;thriller/sensacja/kryminał
95;Dan Brown;Kod Leonarda da Vinci;;thriller/sensacja/kryminał
96;Dan Brown;Zaginiony symbol;;thriller/sensacja/kryminał
97;Dariusz Kortko;Religa. Biografia najsłynniejszego polskiego kardiochirurga;;biografia
98;David Mitchell;Atlas chmur;;science fiction
99;Diane Ducret;Kobiety dyktatorów;;biografia
100;Donald Spoto;Oczarowanie. Życie Audrey Hepburn;;biografia
101;Edgar Allan Poe;Czarny kot;;literatura piękna/klasyka
102;Edgar Allan Poe;Opowiadania;;literatura piękna/klasyka
103;Edgar Allan Poe;Opowieści niesamowite;;literatura piękna/klasyka
104;Edgar Allan Poe;Zagłada domu Usherów;;literatura piękna/klasyka
105;Elizabeth Gilbert;Jedz, módl się, kochaj;;autobiografia/pamiętnik
106;Emil Zola;Brzuch Paryża;Rougon-Macquartowie;literatura piękna/klasyka
107;Emil Zola;Dzieło;Rougon-Macquartowie;literatura piękna/klasyka
108;Emil Zola;Germinal;Rougon-Macquartowie;literatura piękna/klasyka
109;Emil Zola;Grzech księdza Mouret;Rougon-Macquartowie;literatura piękna/klasyka
110;Emil Zola;Jego ekscelencja Pan Minister Rougon;Rougon-Macquartowie;literatura piękna/klasyka
111;Emil Zola;Kartka miłości;Rougon-Macquartowie;literatura piękna/klasyka
112;Emil Zola;Kuchenne schody;Rougon-Macquartowie;literatura piękna/klasyka
113;Emil Zola;Nana;Rougon-Macquartowie;literatura piękna/klasyka
114;Emil Zola;Pochodzenie rodziny Rougon-Macquartów;Rougon-Macquartowie;literatura piękna/klasyka
115;Emil Zola;Podbój miasta Plassans;Rougon-Macquartowie;literatura piękna/klasyka
116;Emil Zola;Radość życia;Rougon-Macquartowie;literatura piękna/klasyka
117;Emil Zola;W matni;Rougon-Macquartowie;literatura piękna/klasyka
118;Emil Zola;Wszystko dla pań;Rougon-Macquartowie;literatura piękna/klasyka
119;Emil Zola;Zdobycz;Rougon-Macquartowie;literatura piękna/klasyka
120;Emil Zola;Ziemia;Rougon-Macquartowie;literatura piękna/klasyka
121;Ernest Hemingway;Komu bije dzwon;;literatura piękna/klasyka
122;Ernest Hemingway;Mieć i nie mieć;;literatura piękna/klasyka
123;Ernest Hemingway;Pożegnanie z bronią;;literatura piękna/klasyka
124;Ernest Hemingway;Rajski ogród;;literatura piękna/klasyka
125;Ernest Hemingway;Słońce też wschodzi;;literatura piękna/klasyka
126;Ernest Hemingway;Stary człowiek i morze;;literatura piękna/klasyka
127;Ernest Hemingway;Zielone wzgórza Afryki;;literatura piękna/klasyka
128;Fiodor Dostojewski;Białe noce;;literatura piękna/klasyka
129;Fiodor Dostojewski;Biesy;;literatura piękna/klasyka
130;Fiodor Dostojewski;Bracia Karamazow;;literatura piękna/klasyka
131;Fiodor Dostojewski;Idiota;;literatura piękna/klasyka
132;Fiodor Dostojewski;Łagodna. Opowiadanie fantastyczne;;literatura piękna/klasyka
133;Fiodor Dostojewski;Wspomnienia z martwego domu;;literatura piękna/klasyka
134;Fiodor Dostojewski;Zbrodnia i kara;;literatura piękna/klasyka
135;Franz Kafka;Proces;;literatura piękna/klasyka
136;Franz Kafka;Przemiana;;literatura piękna/klasyka
137;Franz Kafka;Wyrok;;literatura piękna/klasyka
138;Franz Kafka;Zamek;;literatura piękna/klasyka
139;Gabriel García Márquez;Miłość w czasach zarazy;;literatura piękna/klasyka
140;Gabriel García Márquez;Rzecz o mych smutnych dziwkach;;literatura piękna/klasyka
141;Gabriel García Márquez;Sto lat samotności;;literatura piękna/klasyka
142;George Orwell;Folwark zwierzęcy;;literatura piękna/klasyka
143;George Orwell;Brak tchu;;literatura współczesna
144;George Orwell;Na dnie w Paryżu i Londynie;;literatura współczesna
145;George Orwell;Rok 1984;;literatura współczesna
146;George R.R. Martin;Gra o tron;Pieśń Lodu i Ognia;fantasy
147;George R.R. Martin;Nawałnica mieczy #1: Stal i śnieg;Pieśń Lodu i Ognia;fantasy
148;George R.R. Martin;Nawałnica mieczy #2: Krew i złoto;Pieśń Lodu i Ognia;fantasy
149;George R.R. Martin;Starcie królów;Pieśń Lodu i Ognia;fantasy
150;George R.R. Martin;Taniec ze smokami #1;Pieśń Lodu i Ognia;fantasy
151;George R.R. Martin;Taniec ze smokami #2;Pieśń Lodu i Ognia;fantasy
152;George R.R. Martin;Uczta dla wron #1: Cienie śmierci;Pieśń Lodu i Ognia;fantasy
153;George R.R. Martin;Uczta dla wron #2: Sieć spisków;Pieśń Lodu i Ognia;fantasy
154;George R.R. Martin;Światło odległych gwiazd;Retrospektywa;science fiction
155;George R.R. Martin;Wędrowny rycerz;Retrospektywa;science fiction
156;George R.R. Martin;Żeglarze nocy;Retrospektywa;science fiction
157;George R.R. Martin;Światło się mroczy;;science fiction
158;George R.R. Martin;Tuf Wędrowiec;;science fiction
159;Giovanni Boccaccio;Dekameron;;literatura piękna/klasyka
160;Giovanni Boccaccio;O słynnych kobietach;;literatura piękna/klasyka
161;Grzegorz Brzozowicz;Cejrowski. Biografia;;biografia
162;Gustaw Herling-Grudziński;Inny świat;;autobiografia/pamiętnik
163;Gustaw Herling-Grudziński;Gorący oddech pustyni;;literatura współczesna
164;Gustaw Herling-Grudziński;Opowiadania zebrane;;literatura współczesna
165;Gustaw Herling-Grudziński;Skrzydła ołtarza;;literatura współczesna
166;Gustaw Herling-Grudziński;Dziennik pisany nocą 1971-1972;;publicystyka literacka/esej
167;Halina Birenbaum;Nadzieja umiera ostatnia. Wyprawa w przeszłość;;autobiografia/pamiętnik
168;Halszka Opfer;Kato-tata. Nie pamiętnik;;autobiografia/pamiętnik
169;Harlan Coben;Bez skrupułów;Myron Bolitar;thriller/sensacja/kryminał
170;Harlan Coben;Bez śladu;Myron Bolitar;thriller/sensacja/kryminał
171;Harlan Coben;Błękitna krew;Myron Bolitar;thriller/sensacja/kryminał
172;Harlan Coben;Jeden fałszywy ruch;Myron Bolitar;thriller/sensacja/kryminał
173;Harlan Coben;Krótka piłka;Myron Bolitar;thriller/sensacja/kryminał
174;Harlan Coben;Nie mów nikomu;;thriller/sensacja/kryminał
175;Harlan Coben;W głębi lasu;;thriller/sensacja/kryminał
176;Haruki Murakami;O czym mówię, kiedy mówię o bieganiu;;autobiografia/pamiętnik
177;Heinz Heger;Mężczyźni z różowym trójkątem;;autobiografia/pamiętnik
178;Henryk Sienkiewicz;Ogniem i mieczem;Trylogia Sienkiewicza;literatura piękna/historyczne
179;Henryk Sienkiewicz;Pan Wołodyjowski;Trylogia Sienkiewicza;literatura piękna/historyczne
180;Henryk Sienkiewicz;Potop;Trylogia Sienkiewicza;literatura piękna/historyczne
181;Henryk Sienkiewicz;Krzyżacy;;literatura piękna/historyczne
182;Henryk Sienkiewicz;Quo vadis;;literatura piękna/historyczne
183;Henryk Sienkiewicz;W pustyni i w puszczy;;literatura piękna/klasyka
184;Hunter S. Thompson;Anioły piekieł;;literatura współczesna
185;Hunter S. Thompson;Dziennik rumowy;;literatura współczesna
186;Hunter S. Thompson;Lęk i odraza w Las Vegas;;literatura współczesna
187;Irving Stone;Pasje utajone;;biografia
188;J.R.R. Tolkien;Listy;;autobiografia/pamiętnik
189;J.R.R. Tolkien;Drużyna Pierścienia;Władca Pierścieni;fantasy
190;J.R.R. Tolkien;Dwie wieże;Władca Pierścieni;fantasy
191;J.R.R. Tolkien;Powrót Króla;Władca Pierścieni;fantasy
192;J.R.R. Tolkien;Beowulf. Przekład i komentarz;;fantasy
193;J.R.R. Tolkien;Beren i Lúthien;;fantasy
194;J.R.R. Tolkien;Dzieci Húrina;;fantasy
195;J.R.R. Tolkien;Hobbit;;fantasy
196;J.R.R. Tolkien;Niedokończone opowieści;;fantasy
197;J.R.R. Tolkien;Przygody Toma Bombadila;;fantasy
198;J.R.R. Tolkien;Silmarillion;;fantasy
199;Jacek Dukaj;Córka łupieżcy;;science fiction
200;Jacek Dukaj;Czarne oceany;;science fiction
201;Jacek Dukaj;Extensa;;science fiction
202;Jacek Dukaj;Inne pieśni;;science fiction
203;Jacek Dukaj;Katedra;;science fiction
204;Jacek Dukaj;Król Bólu;;science fiction
205;Jacek Dukaj;Lód;;science fiction
206;Jacek Dukaj;Perfekcyjna niedoskonałość;;science fiction
207;Jacek Dukaj;W kraju niewiernych;;science fiction
208;James Bowen;Kot Bob i ja. Jak kocur i człowiek znaleźli szczęście na ulicy;;autobiografia/pamiętnik
209;Jan Skaradziński;Rysiek;;biografia
210;Janusz Głowacki;Z głowy;;autobiografia/pamiętnik
211;Jean-Paul Sartre;Mdłości;;autobiografia/pamiętnik
212;Jerry Hopkins;Nikt nie wyjdzie stąd żywy. Historia Jima Morrisona;;biografia
213;Jerzy Pilch;Dziennik;;autobiografia/pamiętnik
214;Jerzy Stuhr;Tak sobie myślę...;;autobiografia/pamiętnik
215;Joanna Bator;Japoński wachlarz;;autobiografia/pamiętnik
216;Joanna Chmielewska;Autobiografia. Druga młodość;Autobiografia;autobiografia/pamiętnik
217;Joanna Chmielewska;Autobiografia. Dzieciństwo;Autobiografia;autobiografia/pamiętnik
218;Joanna Chmielewska;Autobiografia. Okropności;Autobiografia;autobiografia/pamiętnik
219;Joanna Chmielewska;Autobiografia. Pierwsza młodość;Autobiografia;autobiografia/pamiętnik
220;Joanna Chmielewska;Autobiografia. Stare próchno;Autobiografia;autobiografia/pamiętnik
221;Joanna Chmielewska;Autobiografia. Trzecia młodość;Autobiografia;autobiografia/pamiętnik
222;Joanna Chmielewska;Autobiografia. Wtórna młodość;Autobiografia;autobiografia/pamiętnik
223;Joanna Chmielewska;Autobiografia-wieczna młodość aneks do wszystkich pozostałych;Autobiografia;autobiografia/pamiętnik
224;Joanna Chmielewska;Życie (nie) całkiem spokojne;Autobiografia;autobiografia/pamiętnik
225;Joanna Chmielewska;2/3 sukcesu;Janeczka i Pawełek;thriller/sensacja/kryminał
226;Joanna Chmielewska;Nawiedzony Dom;Janeczka i Pawełek;thriller/sensacja/kryminał
227;Joanna Chmielewska;Skarby;Janeczka i Pawełek;thriller/sensacja/kryminał
228;Joanna Chmielewska;Wielkie zasługi;Janeczka i Pawełek;thriller/sensacja/kryminał
229;Joanna Chmielewska;Wszelki wypadek;Janeczka i Pawełek;thriller/sensacja/kryminał
230;Joanna Chmielewska;(Nie)Boszczyk mąż;;thriller/sensacja/kryminał
231;Joanna Chmielewska;Babski motyw;;thriller/sensacja/kryminał
232;Joanna Chmielewska;Boczne drogi;;thriller/sensacja/kryminał
233;Joanna Chmielewska;Byczki w Pomidorach;;thriller/sensacja/kryminał
234;Joanna Chmielewska;Całe zdanie nieboszczyka;;thriller/sensacja/kryminał
235;Joanna Chmielewska;Depozyt;;thriller/sensacja/kryminał
236;Joanna Chmielewska;Dwie głowy i jedna noga;;thriller/sensacja/kryminał
237;Joanna Chmielewska;Dzikie białko;;thriller/sensacja/kryminał
238;Joanna Chmielewska;Florencja córka Diabła;;thriller/sensacja/kryminał
239;Joanna Chmielewska;Harpie;;thriller/sensacja/kryminał
240;Joanna Chmielewska;Klin;;thriller/sensacja/kryminał
241;Joanna Chmielewska;Kocie worki;;thriller/sensacja/kryminał
242;Joanna Chmielewska;Krętka Blada;;thriller/sensacja/kryminał
243;Joanna Chmielewska;Krokodyl z Kraju Karoliny;;thriller/sensacja/kryminał
244;Joanna Chmielewska;Lesio;;thriller/sensacja/kryminał
245;Joanna Chmielewska;Najstarsza prawnuczka;;thriller/sensacja/kryminał
246;Joanna Chmielewska;Romans wszech czasów;;thriller/sensacja/kryminał
247;Joanna Chmielewska;Studnie przodków;;thriller/sensacja/kryminał
248;Joanna Chmielewska;Szajka bez końca;;thriller/sensacja/kryminał
249;Joanna Chmielewska;Ślepe szczęście;;thriller/sensacja/kryminał
250;Joanna Chmielewska;Trudny trup;;thriller/sensacja/kryminał
251;Joanna Chmielewska;Upiorny legat;;thriller/sensacja/kryminał
252;Joanna Chmielewska;Wszyscy jesteśmy podejrzani;;thriller/sensacja/kryminał
253;Joanna Chmielewska;Wszystko czerwone;;thriller/sensacja/kryminał
254;Joanna Chmielewska;Zapalniczka;;thriller/sensacja/kryminał
255;Joe Simpson;Dotknięcie pustki;;autobiografia/pamiętnik
256;Joseph Heller;Paragraf 22;;literatura piękna/klasyka
257;Joyce Carol Oates;Blondynka;;biografia
258;Julie Gregory;Mama kazała mi chorować;;autobiografia/pamiętnik
259;Karen Blixen;Pożegnanie z Afryką;;autobiografia/pamiętnik
260;Karol Olgierd Borchardt;Znaczy Kapitan;;biografia
261;Ken Follett;Filary ziemi;Filary ziemi;literatura piękna/historyczne
262;Ken Follett;Igła;;literatura piękna/historyczne
263;Ken Follett;Niebezpieczna fortuna;;literatura piękna/historyczne
264;Ken Follett;Słup ognia;;literatura piękna/historyczne
265;Ken Follett;Świat bez końca;;literatura piękna/historyczne
266;Ken Follett;Krawędź wieczności;;literatura współczesna
267;Ken Follett;Upadek gigantów;;literatura współczesna
268;Ken Follett;Zima świata;;literatura współczesna
269;Kurt Cobain;Dzienniki - Kurt Cobain;;autobiografia/pamiętnik
270;Kurt Vonnegut;Kocia kołyska;;literatura piękna/klasyka
271;Kurt Vonnegut;Matka noc;;literatura piękna/klasyka
272;Kurt Vonnegut;Recydywista;;literatura piękna/klasyka
273;Kurt Vonnegut;Rzeźnia numer pięć;;literatura piękna/klasyka
274;Kurt Vonnegut;Śniadanie mistrzów;;literatura piękna/klasyka
275;Larry Sloman;Blizna;;biografia
276;Laura Hillenbrand;Niezłomny;;biografia
277;Leopold Tyrmand;Dziennik 1954;;autobiografia/pamiętnik
278;Lew Tołstoj;Anna Karenina;;literatura piękna/klasyka
279;Lew Tołstoj;Sonata Kreutzerowska;;literatura piękna/klasyka
280;Lew Tołstoj;Spowiedź;;literatura piękna/klasyka
281;Lew Tołstoj;Śmierć Iwana Iljicza;;literatura piękna/klasyka
282;Lew Tołstoj;Wojna i pokój;;literatura piękna/klasyka
283;Lew Tołstoj;Zmartwychwstanie;;literatura piękna/klasyka
284;Lisa Chaney;Coco Chanel. Życie intymne;;biografia
285;Maciej Pisuk;Jesteś Bogiem. Historia Paktofoniki;;biografia
286;Magdalena Grzebałkowska;Beksińscy. Portret podwójny;;biografia
287;Magdalena Samozwaniec;Maria i Magdalena;;autobiografia/pamiętnik
288;Marek Hłasko;Następny do raju;;literatura piękna/klasyka
289;Marek Hłasko;Ósmy dzień tygodnia;;literatura piękna/klasyka
290;Marek Hłasko;Pierwszy krok w chmurach;;literatura piękna/klasyka
291;Marek Hłasko;Piękni dwudziestoletni;;literatura piękna/klasyka
292;Marek Hłasko;Wilk;;literatura piękna/klasyka
293;Maria Czubaszek;Nienachalna z urody;;autobiografia/pamiętnik
294;Mariusz Urbanek;Genialni. Lwowska szkoła matematyczna;;biografia
295;Mark Twain;Książę i żebrak;;literatura piękna/klasyka
296;Mark Twain;Pamiętniki Adama i Ewy;;literatura piękna/klasyka
297;Mark Twain;Przygody Hucka Finna;;literatura piękna/klasyka
298;Mark Twain;Przygody Tomka Sawyera;;literatura piękna/klasyka
299;Mark Twain;Listy z Ziemi;;literatura współczesna
300;Michaił Bułhakow;Biała gwardia;;literatura piękna/klasyka
301;Michaił Bułhakow;Czarny Mag;;literatura piękna/klasyka
302;Michaił Bułhakow;Fatalne jaja;;literatura piękna/klasyka
303;Michaił Bułhakow;Mistrz i Małgorzata;;literatura piękna/klasyka
304;Michał Pauli;12 x śmierć. Opowieść z Krainy Uśmiechu;;autobiografia/pamiętnik
305;Michał Rusinek;Nic zwyczajnego. O Wisławie Szymborskiej;;autobiografia/pamiętnik
306;Michel Schneider;Marilyn, ostatnie seanse;;biografia
307;Miron Białoszewski;Pamiętnik z powstania warszawskiego;;autobiografia/pamiętnik
308;Miron Białoszewski;Tajny dziennik;;autobiografia/pamiętnik
309;Mirosław Wlekły;Tu byłem. Tony Halik;;biografia
310;Monika Jaruzelska;Towarzyszka Panienka;;autobiografia/pamiętnik
311;Nancy H. Kleinbaum;Stowarzyszenie umarłych poetów;;literatura piękna/klasyka
312;Nick Vujicic;Bez rąk, bez nóg, bez ograniczeń!;;autobiografia/pamiętnik
313;Orson Scott Card;Cień Endera;Saga Cienia;science fiction
314;Orson Scott Card;Cień Hegemona;Saga Cienia;science fiction
315;Orson Scott Card;Cień olbrzyma;Saga Cienia;science fiction
316;Orson Scott Card;Teatr Cieni;Saga Cienia;science fiction
317;Orson Scott Card;Ucieczka cienia;Saga Cienia;science fiction
318;Orson Scott Card;Dzieci Umysłu;Saga Endera;science fiction
319;Orson Scott Card;Ender na wygnaniu;Saga Endera;science fiction
320;Orson Scott Card;Gra Endera;Saga Endera;science fiction
321;Orson Scott Card;Ksenocyd;Saga Endera;science fiction
322;Orson Scott Card;Mówca umarłych;Saga Endera;science fiction
323;Patrick Süskind;Pachnidło. Historia pewnego mordercy;;thriller/sensacja/kryminał
324;Patti Smith;Poniedziałkowe dzieci;;autobiografia/pamiętnik
325;Paul Kalanithi;Jeszcze jeden oddech;;autobiografia/pamiętnik
326;Philippe Pozzo di Borgo;Drugi oddech;;autobiografia/pamiętnik
327;Rebecca Johns;Hrabina. Tragiczna historia Elżbiety Batory;;biografia
328;Robert Graves;Ja, Klaudiusz;Klaudiusz;literatura piękna/historyczne
329;Robert Graves;Klaudiusz i Messalina;Klaudiusz;literatura piękna/historyczne
330;Robert Graves;Biała Bogini;;literatura piękna/historyczne
331;Robert Graves;Król Jezus;;literatura piękna/historyczne
332;Roma Ligocka;Dobre dziecko;;autobiografia/pamiętnik
333;Roma Ligocka;Dziewczynka w czerwonym płaszczyku;;autobiografia/pamiętnik
334;Roman Bratny;Kolumbowie. Rocznik 20;;literatura współczesna
335;Roman Bratny;Miłowanie kata;;literatura współczesna
336;Roman Bratny;Rok w trumnie;;literatura współczesna
337;Roman Bratny;Wśród nocnej ciszy;;literatura współczesna
338;Ryszard Kapuściński;Busz po polsku;;publicystyka literacka/esej
339;Ryszard Kapuściński;Cesarz;;publicystyka literacka/esej
340;Ryszard Kapuściński;Chrystus z karabinem na ramieniu;;publicystyka literacka/esej
341;Ryszard Kapuściński;Czarne gwiazdy;;publicystyka literacka/esej
342;Ryszard Kapuściński;Gdyby cała Afryka...;;publicystyka literacka/esej
343;Ryszard Kapuściński;Heban;;publicystyka literacka/esej
344;Ryszard Kapuściński;Imperium;;publicystyka literacka/esej
345;Ryszard Kapuściński;Jeszcze dzień życia;;publicystyka literacka/esej
346;Ryszard Kapuściński;Lapidaria;;publicystyka literacka/esej
347;Ryszard Kapuściński;Podróże z Herodotem;;publicystyka literacka/esej
348;Ryszard Kapuściński;Ten Inny;;publicystyka literacka/esej
349;Salvador Dali;Dziennik geniusza;;autobiografia/pamiętnik
350;Salvador Dali;Moje sekretne życie;;autobiografia/pamiętnik
351;Sean Stewart;Pamiętnik Cathy;;biografia
352;Stanisław Grzesiuk;Boso, ale w ostrogach;;autobiografia/pamiętnik
353;Stanisław Grzesiuk;Na marginesie życia;;autobiografia/pamiętnik
354;Stanisław Grzesiuk;Pięć lat kacetu;;autobiografia/pamiętnik
355;Stanisław Lem;Bajki robotów;;science fiction
356;Stanisław Lem;Dzienniki gwiazdowe;;science fiction
357;Stanisław Lem;Eden;;science fiction
358;Stanisław Lem;Kongres futurologiczny;;science fiction
359;Stanisław Lem;Niezwyciężony;;science fiction
360;Stanisław Lem;Opowieści o pilocie Pirxie;;science fiction
361;Stanisław Lem;Powrót z gwiazd;;science fiction
362;Stanisław Lem;Solaris;;science fiction
363;Stanisław Lem;Szpital Przemienienia;;science fiction
364;Stephen King;Jak pisać. Pamiętnik rzemieślnika;;autobiografia/pamiętnik
365;Stephen King;Bastion;;thriller/sensacja/kryminał
366;Stephen King;Bezsenność;;thriller/sensacja/kryminał
367;Stephen King;Cmętarz zwieżąt;;thriller/sensacja/kryminał
368;Stephen King;Łowca snów;;thriller/sensacja/kryminał
369;Stephen King;Miasteczko Salem;;thriller/sensacja/kryminał
370;Stephen King;Podpalaczka;;thriller/sensacja/kryminał
371;Stephen King;Przebudzenie;;thriller/sensacja/kryminał
372;Stephen King;Sklepik z marzeniami;;thriller/sensacja/kryminał
373;Stephen King;To;;thriller/sensacja/kryminał
374;Stephen King;Zielona Mila;;thriller/sensacja/kryminał
375;Stieg Larsson;Dziewczyna, która igrała z ogniem;Millennium;thriller/sensacja/kryminał
376;Stieg Larsson;Mężczyźni, którzy nienawidzą kobiet;Millennium;thriller/sensacja/kryminał
377;Stieg Larsson;Zamek z piasku, który runął;Millennium;thriller/sensacja/kryminał
378;Sylvia Nasar;Piękny umysł;;biografia
379;Szymon Nowak;Dziewczyny wyklęte;;biografia
380;Thomas Harris;Czerwony smok;Hannibal Lecter;thriller/sensacja/kryminał
381;Thomas Harris;Hannibal;Hannibal Lecter;thriller/sensacja/kryminał
382;Thomas Harris;Hannibal po drugiej stronie maski;Hannibal Lecter;thriller/sensacja/kryminał
383;Thomas Harris;Milczenie owiec;Hannibal Lecter;thriller/sensacja/kryminał
384;Umberto Eco;Imię róży;;literatura piękna/historyczne
385;Umberto Eco;Cmentarz w Pradze;;literatura współczesna
386;Umberto Eco;Temat na pierwszą stronę;;literatura współczesna
387;Umberto Eco;Wahadło Foucaulta;;literatura współczesna
388;Umberto Eco;O bibliotece;;publicystyka literacka/esej
389;Umberto Eco;Zapiski na pudełku od zapałek;;publicystyka literacka/esej
390;Ursula K. Le Guin;Czarnoksiężnik z Archipelagu;Ziemiomorze;fantasy
391;Ursula K. Le Guin;Grobowce Atuanu;Ziemiomorze;fantasy
392;Ursula K. Le Guin;Najdalszy brzeg;Ziemiomorze;fantasy
393;Ursula K. Le Guin;Jesteśmy snem;;science fiction
394;Valérie Tasso;Dziennik nimfomanki;;autobiografia/pamiętnik
395;Vladimir Nabokov;Blady ogień;;literatura piękna/klasyka
396;Vladimir Nabokov;Lolita;;literatura piękna/klasyka
397;Vladimir Nabokov;Rozpacz;;literatura piękna/klasyka
398;Vladimir Nabokov;Zaproszenie na egzekucję;;literatura piękna/klasyka
399;Walter Isaacson;Einstein. Jego życie, jego wszechświat;;biografia
400;Walter Isaacson;Steve Jobs;;biografia
401;Wiesław Adamczyk;Kiedy Bóg odwrócił wzrok. Odyseja wojenna, wygnanie i wybawienie;;autobiografia/pamiętnik
402;Wil Haygood;Kamerdyner;;biografia
403;William Wharton;Tato;;literatura piękna/klasyka
404;William Wharton;Al;;literatura współczesna
405;William Wharton;Niezawinione śmierci;;literatura współczesna
406;William Wharton;Ptasiek;;literatura współczesna
407;William Wharton;Spóźnieni kochankowie;;literatura współczesna
408;William Wharton;Stado;;literatura współczesna
409;Witold Gombrowicz;Kronos;;autobiografia/pamiętnik
410;Witold Gombrowicz;Ferdydurke;;literatura piękna/klasyka
411;Witold Gombrowicz;Kosmos;;literatura piękna/klasyka
412;Witold Gombrowicz;Pornografia;;literatura piękna/klasyka
413;Witold Gombrowicz;Trans-Atlantyk;;literatura piękna/klasyka
414;Władysław Szpilman;Pianista;;autobiografia/pamiętnik
415;Wojciech Mann;RockMann, czyli jak nie zostałem saksofonistą;;autobiografia/pamiętnik
416;Zbigniew Herbert;Król mrówek;;literatura piękna/klasyka
417;Zbigniew Herbert;Labirynt nad morzem;;literatura piękna/klasyka
418;Zbigniew Herbert;Barbarzyńca w ogrodzie;;publicystyka literacka/esej
419;Zbigniew Herbert;Martwa natura z wędzidłem;;publicystyka literacka/esej
